Location,Year,Month,Species,catch,group
Kilwa,2016,June,Serranidae spp( CEW ),359.28,Reef fish
Kilwa,2016,June,Changu( CHN ),156.96,Reef fish
Kilwa,2016,June,Lutjanus spp( LDW ),44.220000000000006,Reef fish
Kilwa,2016,June,Lethrinus spp( LH ),97.21000000000001,Reef fish
Kilwa,2016,June,Lethrinus borbonicus( LHB ),224.16,Reef fish
Kilwa,2016,June,Lethrinus harak( LHH ),44.94,Reef fish
Kilwa,2016,June,Lethrinus nebulosus( LHN ),442.2,Reef fish
Kilwa,2016,June,Carrotomus carolinus( ULG ),11.07,Reef fish
Kilwa,2016,July,Serranidae spp( CEW ),385.02,Reef fish
Kilwa,2016,July,Changu( CHN ),218.64,Reef fish
Kilwa,2016,July,Lutjanus spp( LDW ),462.16,Reef fish
Kilwa,2016,July,Lethrinus spp( LH ),609.8299999999999,Reef fish
Kilwa,2016,July,Lethrinus borbonicus( LHB ),475.9,Reef fish
Kilwa,2016,July,Lethrinus harak( LHH ),380.78,Reef fish
Kilwa,2016,July,Lethrinus nebulosus( LHN ),205.62,Reef fish
Kilwa,2016,July,Lethrinus rubrioperculatus( LHR ),205.62,Reef fish
Kilwa,2016,August,Serranidae spp( CEW ),719.19,Reef fish
Kilwa,2016,August,Changu( CHN ),661.65,Reef fish
Kilwa,2016,August,Lutjanus spp( LDW ),187.67,Reef fish
Kilwa,2016,August,Lethrinus spp( LH ),1331.92,Reef fish
Kilwa,2016,August,Lethrinus borbonicus( LHB ),244.83,Reef fish
Kilwa,2016,August,Lethrinus harak( LHH ),3388.56,Reef fish
Kilwa,2016,August,Carrotomus carolinus( ULG ),6.51,Reef fish
Kilwa,2016,September,Changu( CHN ),3.42,Reef fish
Kilwa,2016,September,Lutjanus spp( LDW ),6.48,Reef fish
Kilwa,2016,September,Lethrinus spp( LH ),3928.8900000000003,Reef fish
Kilwa,2016,September,Lethrinus borbonicus( LHB ),117.39,Reef fish
Kilwa,2016,September,Lethrinus harak( LHH ),600.39,Reef fish
Kilwa,2016,September,Lethrinus nebulosus( LHN ),530.64,Reef fish
Kilwa,2016,September,Lethrinus rubrioperculatus( LHR ),176.88000000000002,Reef fish
Kilwa,2016,October,Serranidae spp( CEW ),687.7700000000001,Reef fish
Kilwa,2016,October,Lutjanus spp( LDW ),4.71,Reef fish
Kilwa,2016,October,Lethrinus spp( LH ),6.98,Reef fish
Kilwa,2016,October,Lethrinus borbonicus( LHB ),9.42,Reef fish
Kilwa,2016,October,Lethrinus harak( LHH ),736.8199999999999,Reef fish
Kilwa,2016,November,Serranidae spp( CEW ),331.65000000000003,Reef fish
Kilwa,2016,November,Lethrinus spp( LH ),201.69,Reef fish
Kilwa,2017,January,Serranidae spp( CEW ),1.4,Reef fish
Kilwa,2017,January,Lutjanus spp( LDW ),3.84,Reef fish
Kilwa,2017,January,Lethrinus spp( LH ),846.92,Reef fish
Kilwa,2017,January,Lethrinus borbonicus( LHB ),10.09,Reef fish
Kilwa,2017,January,Lethrinus harak( LHH ),6.930000000000001,Reef fish
Kilwa,2017,March,Lutjanus spp( LDW ),476.52,Reef fish
Kilwa,2017,March,Lethrinus spp( LH ),641.8399999999999,Reef fish
Kilwa,2017,March,Lethrinus harak( LHH ),502.63,Reef fish
Kilwa,2017,April,Serranidae spp( CEW ),675.6,Reef fish
Kilwa,2017,April,Changu( CHN ),186.41,Reef fish
Kilwa,2017,April,Lutjanus spp( LDW ),1.1700000000000002,Reef fish
Kilwa,2017,April,Lethrinus spp( LH ),45.39,Reef fish
Kilwa,2017,April,Lethrinus borbonicus( LHB ),213.36,Reef fish
Kilwa,2017,April,Lethrinus harak( LHH ),60.78,Reef fish
Kilwa,2017,April,Lethrinus nebulosus( LHN ),8.1,Reef fish
Kilwa,2017,May,Changu( CHN ),1.74,Reef fish
Kilwa,2017,May,Lutjanus spp( LDW ),360.65000000000003,Reef fish
Kilwa,2017,May,Lethrinus spp( LH ),971.8499999999999,Reef fish
Kilwa,2017,May,Lethrinus harak( LHH ),1.95,Reef fish
Kilwa,2017,June,Serranidae spp( CEW ),143.72,Reef fish
Kilwa,2017,June,Changu( CHN ),268.38,Reef fish
Kilwa,2017,June,Lethrinus borbonicus( LHB ),102.38,Reef fish
Kilwa,2017,June,Lethrinus harak( LHH ),53.94,Reef fish
Kilwa,2017,June,Lethrinus rubrioperculatus( LHR ),66.33,Reef fish
Kilwa,2017,June,Carrotomus carolinus( ULG ),2.46,Reef fish
Kilwa,2017,July,Lethrinus spp( LH ),584.8299999999999,Reef fish
Kilwa,2017,August,Serranidae spp( CEW ),8.26,Reef fish
Kilwa,2017,August,Changu( CHN ),1.86,Reef fish
Kilwa,2017,August,Lutjanus spp( LDW ),4.1899999999999995,Reef fish
Kilwa,2017,August,Lethrinus borbonicus( LHB ),368.09,Reef fish
Kilwa,2017,August,Lethrinus nebulosus( LHN ),9.15,Reef fish
Kilwa,2017,October,Serranidae spp( CEW ),2.11,Reef fish
Kilwa,2017,October,Changu( CHN ),3.44,Reef fish
Kilwa,2017,October,Lutjanus spp( LDW ),6.119999999999999,Reef fish
Kilwa,2017,October,Lethrinus spp( LH ),800.11,Reef fish
Kilwa,2017,October,Lethrinus borbonicus( LHB ),2.96,Reef fish
Kilwa,2017,October,Lethrinus harak( LHH ),932.04,Reef fish
Kilwa,2017,October,Carrotomus carolinus( ULG ),1.8,Reef fish
Kilwa,2017,November,Serranidae spp( CEW ),1.59,Reef fish
Kilwa,2017,November,Changu( CHN ),431.21,Reef fish
Kilwa,2017,November,Lutjanus spp( LDW ),27.57,Reef fish
Kilwa,2017,November,Lethrinus spp( LH ),2327.06,Reef fish
Kilwa,2017,November,Lethrinus borbonicus( LHB ),19.82,Reef fish
Kilwa,2017,November,Lethrinus harak( LHH ),446.47999999999996,Reef fish
Kilwa,2017,November,Lethrinus nebulosus( LHN ),212.88000000000002,Reef fish
Kilwa,2017,November,Lethrinus rubrioperculatus( LHR ),8.1,Reef fish
Kilwa,2017,December,Serranidae spp( CEW ),17.02,Reef fish
Kilwa,2017,December,Lutjanus spp( LDW ),2.88,Reef fish
Kilwa,2017,December,Lethrinus spp( LH ),334.88,Reef fish
Kilwa,2017,December,Lethrinus borbonicus( LHB ),232.45000000000002,Reef fish
Kilwa,2017,December,Lethrinus nebulosus( LHN ),1174.49,Reef fish
Kilwa,2018,January,Serranidae spp( CEW ),0.16,Reef fish
Kilwa,2018,January,Changu( CHN ),147.29,Reef fish
Kilwa,2018,January,Lethrinus spp( LH ),111.49000000000001,Reef fish
Kilwa,2018,January,Lethrinus borbonicus( LHB ),359.76,Reef fish
Kilwa,2018,January,Lethrinus harak( LHH ),3.3099999999999996,Reef fish
Kilwa,2018,January,Lethrinus nebulosus( LHN ),156.67,Reef fish
Kilwa,2018,February,Serranidae spp( CEW ),74.94000000000001,Reef fish
Kilwa,2018,February,Changu( CHN ),112.11,Reef fish
Kilwa,2018,February,Lutjanus spp( LDW ),98.64,Reef fish
Kilwa,2018,February,Lethrinus spp( LH ),141,Reef fish
Kilwa,2018,February,Lethrinus borbonicus( LHB ),175.86,Reef fish
Kilwa,2018,February,Lethrinus harak( LHH ),3.74,Reef fish
Kilwa,2018,February,Lethrinus nebulosus( LHN ),193.39000000000001,Reef fish
Kilwa,2018,February,Carrotomus carolinus( ULG ),0.36,Reef fish
Kilwa,2018,March,Serranidae spp( CEW ),150.14,Reef fish
Kilwa,2018,March,Changu( CHN ),169.72,Reef fish
Kilwa,2018,March,Lethrinus spp( LH ),105.53,Reef fish
Kilwa,2018,March,Lethrinus borbonicus( LHB ),275.41999999999996,Reef fish
Kilwa,2018,March,Lethrinus harak( LHH ),7.6499999999999995,Reef fish
Kilwa,2018,March,Lethrinus nebulosus( LHN ),242.18,Reef fish
Kilwa,2018,April,Serranidae spp( CEW ),0.05,Reef fish
Kilwa,2018,April,Changu( CHN ),0.77,Reef fish
Kilwa,2018,April,Lethrinus spp( LH ),0.74,Reef fish
Kilwa,2018,April,Lethrinus borbonicus( LHB ),305.87,Reef fish
Kilwa,2018,April,Lethrinus harak( LHH ),29.479999999999997,Reef fish
Kilwa,2018,April,Lethrinus nebulosus( LHN ),287.07,Reef fish
Kilwa,2018,May,Changu( CHN ),1.99,Reef fish
Kilwa,2018,May,Lutjanus spp( LDW ),68.54,Reef fish
Kilwa,2018,May,Lethrinus spp( LH ),178.02,Reef fish
Kilwa,2018,May,Lethrinus borbonicus( LHB ),227.1,Reef fish
Kilwa,2018,May,Lethrinus harak( LHH ),138.04,Reef fish
Kilwa,2018,June,Changu( CHN ),2.55,Reef fish
Kilwa,2018,June,Lethrinus spp( LH ),1.12,Reef fish
Kilwa,2018,June,Lethrinus borbonicus( LHB ),228.48000000000002,Reef fish
Kilwa,2018,June,Lethrinus harak( LHH ),18.51,Reef fish
Kilwa,2018,July,Changu( CHN ),433.2,Reef fish
Kilwa,2018,August,Changu( CHN ),426.81,Reef fish
Kilwa,2018,August,Lutjanus spp( LDW ),0.56,Reef fish
Kilwa,2018,August,Lethrinus spp( LH ),353.48999999999995,Reef fish
Kilwa,2018,August,Lethrinus borbonicus( LHB ),274.52,Reef fish
Kilwa,2018,August,Lethrinus harak( LHH ),8.93,Reef fish
Kilwa,2018,September,Changu( CHN ),379.03,Reef fish
Kilwa,2018,September,Lethrinus borbonicus( LHB ),270.78,Reef fish
Kilwa,2018,October,Lethrinus borbonicus( LHB ),371.26,Reef fish
Kilwa,2018,October,Lethrinus nebulosus( LHN ),217.05,Reef fish
Kilwa,2018,November,Serranidae spp( CEW ),9.870000000000001,Reef fish
Kilwa,2018,November,Changu( CHN ),210.51,Reef fish
Kilwa,2018,November,Lutjanus spp( LDW ),78.81,Reef fish
Kilwa,2018,November,Lethrinus spp( LH ),167.95000000000002,Reef fish
Kilwa,2018,November,Lethrinus borbonicus( LHB ),185.2,Reef fish
Kilwa,2018,November,Lethrinus harak( LHH ),52.94,Reef fish
Kilwa,2018,November,Lethrinus nebulosus( LHN ),6.17,Reef fish
Kilwa,2018,December,Serranidae spp( CEW ),72.02,Reef fish
Kilwa,2018,December,Changu( CHN ),239.2,Reef fish
Kilwa,2018,December,Lutjanus spp( LDW ),257.39,Reef fish
Kilwa,2018,December,Lethrinus spp( LH ),121.09,Reef fish
Kilwa,2018,December,Lethrinus borbonicus( LHB ),155.35000000000002,Reef fish
Kilwa,2018,December,Lethrinus harak( LHH ),203.45000000000002,Reef fish
Kilwa,2018,December,Lethrinus nebulosus( LHN ),13.02,Reef fish
Kilwa,2019,January,Serranidae spp( CEW ),29.93,Reef fish
Kilwa,2019,January,Changu( CHN ),153.82000000000002,Reef fish
Kilwa,2019,January,Lutjanus spp( LDW ),9.850000000000001,Reef fish
Kilwa,2019,January,Lethrinus spp( LH ),0.16,Reef fish
Kilwa,2019,January,Lethrinus borbonicus( LHB ),294.08,Reef fish
Kilwa,2019,January,Lethrinus harak( LHH ),330.37,Reef fish
Kilwa,2019,January,Lethrinus nebulosus( LHN ),232.51,Reef fish
Kilwa,2019,January,Carrotomus carolinus( ULG ),0.27,Reef fish
Kilwa,2019,February,Serranidae spp( CEW ),107.47,Reef fish
Kilwa,2019,February,Changu( CHN ),135.39000000000001,Reef fish
Kilwa,2019,February,Lutjanus spp( LDW ),150.03,Reef fish
Kilwa,2019,February,Lethrinus spp( LH ),106.84,Reef fish
Kilwa,2019,February,Lethrinus borbonicus( LHB ),240.79,Reef fish
Kilwa,2019,February,Lethrinus harak( LHH ),96.76,Reef fish
Kilwa,2019,February,Lethrinus nebulosus( LHN ),239.86,Reef fish
Kilwa,2019,March,Serranidae spp( CEW ),149.63,Reef fish
Kilwa,2019,March,Changu( CHN ),303.86,Reef fish
Kilwa,2019,March,Lutjanus spp( LDW ),119.47,Reef fish
Kilwa,2019,March,Lethrinus borbonicus( LHB ),175.81,Reef fish
Kilwa,2019,March,Lethrinus harak( LHH ),304.31,Reef fish
Kilwa,2019,April,Serranidae spp( CEW ),119.03,Reef fish
Kilwa,2019,April,Changu( CHN ),133.87,Reef fish
Kilwa,2019,April,Lutjanus spp( LDW ),169.23999999999998,Reef fish
Kilwa,2019,April,Lethrinus borbonicus( LHB ),316.28,Reef fish
Kilwa,2019,April,Lethrinus harak( LHH ),608.8199999999999,Reef fish
Kilwa,2019,April,Lethrinus nebulosus( LHN ),210.05,Reef fish
Kilwa,2019,May,Serranidae spp( CEW ),149.15,Reef fish
Kilwa,2019,May,Changu( CHN ),100.05,Reef fish
Kilwa,2019,May,Lutjanus spp( LDW ),0.13,Reef fish
Kilwa,2019,May,Lethrinus spp( LH ),3.8,Reef fish
Kilwa,2019,May,Lethrinus borbonicus( LHB ),250.64,Reef fish
Kilwa,2019,May,Lethrinus harak( LHH ),324.72999999999996,Reef fish
Kilwa,2019,May,Lethrinus nebulosus( LHN ),285.59,Reef fish
Kilwa,2019,June,Serranidae spp( CEW ),125.47,Reef fish
Kilwa,2019,June,Changu( CHN ),207.99,Reef fish
Kilwa,2019,June,Lutjanus spp( LDW ),203.41,Reef fish
Kilwa,2019,June,Lethrinus spp( LH ),111.83,Reef fish
Kilwa,2019,June,Lethrinus borbonicus( LHB ),193.69,Reef fish
Kilwa,2019,June,Lethrinus harak( LHH ),217.23999999999998,Reef fish
Kilwa,2019,June,Lethrinus nebulosus( LHN ),208.47,Reef fish
Kilwa,2019,June,Carrotomus carolinus( ULG ),0.1,Reef fish
Kilwa,2019,July,Serranidae spp( CEW ),144.7,Reef fish
Kilwa,2019,July,Changu( CHN ),184.41,Reef fish
Kilwa,2019,July,Lutjanus spp( LDW ),169.72,Reef fish
Kilwa,2019,July,Lethrinus spp( LH ),27.07,Reef fish
Kilwa,2019,July,Lethrinus borbonicus( LHB ),174.52,Reef fish
Kilwa,2019,July,Lethrinus harak( LHH ),284.68,Reef fish
Kilwa,2019,July,Lethrinus nebulosus( LHN ),107.71000000000001,Reef fish
Kilwa,2019,July,Lethrinus rubrioperculatus( LHR ),114.24000000000001,Reef fish
Kilwa,2019,July,Carrotomus carolinus( ULG ),5.81,Reef fish
Kilwa,2019,August,Serranidae spp( CEW ),160.76,Reef fish
Kilwa,2019,August,Lutjanus spp( LDW ),411.25,Reef fish
Kilwa,2019,August,Lethrinus spp( LH ),220.03,Reef fish
Kilwa,2019,August,Lethrinus borbonicus( LHB ),166.7,Reef fish
Kilwa,2019,August,Lethrinus harak( LHH ),470.64000000000004,Reef fish
Kilwa,2019,August,Lethrinus lentjan( LHL ),0.74,Reef fish
Kilwa,2019,August,Lethrinus nebulosus( LHN ),118.14,Reef fish
Kilwa,2019,August,Red snapper( RDS ),548.3299999999999,Reef fish
Kilwa,2019,September,Serranidae spp( CEW ),0.31,Reef fish
Kilwa,2019,September,Lethrinus spp( LH ),691.3,Reef fish
Kilwa,2019,September,Lethrinus borbonicus( LHB ),173.72,Reef fish
Kilwa,2019,September,Lethrinus harak( LHH ),398.65000000000003,Reef fish
Kilwa,2019,September,Lethrinus nebulosus( LHN ),0.31,Reef fish
Mafia,2016,June,Serranidae spp( CEW ),452.25,Reef fish
Mafia,2016,June,Changu( CHN ),301.5,Reef fish
Mafia,2016,June,Lutjanus spp( LDW ),9.9,Reef fish
Mafia,2016,June,Lethrinus borbonicus( LHB ),435.02,Reef fish
Mafia,2016,June,Lethrinus harak( LHH ),72.05,Reef fish
Mafia,2016,July,Serranidae spp( CEW ),1276.58,Reef fish
Mafia,2016,July,Changu( CHN ),77.89,Reef fish
Mafia,2016,July,Lutjanus spp( LDW ),9.3,Reef fish
Mafia,2016,July,Lethrinus borbonicus( LHB ),266.27,Reef fish
Mafia,2016,July,Lethrinus harak( LHH ),167.52,Reef fish
Mafia,2016,July,Carrotomus carolinus( ULG ),6.35,Reef fish
Mafia,2016,Augast,Serranidae spp( CEW ),19.310000000000002,Reef fish
Mafia,2016,Augast,Changu( CHN ),56.08,Reef fish
Mafia,2016,Augast,Lutjanus spp( LDW ),23.58,Reef fish
Mafia,2016,Augast,Lethrinus spp( LH ),0.74,Reef fish
Mafia,2016,Augast,Lethrinus borbonicus( LHB ),403.72999999999996,Reef fish
Mafia,2016,Augast,Lethrinus harak( LHH ),26.110000000000003,Reef fish
Mafia,2016,Augast,Lethrinus rubrioperculatus( LHR ),311.55,Reef fish
Mafia,2016,Augast,Carrotomus carolinus( ULG ),11.69,Reef fish
Mafia,2016,September,Serranidae spp( CEW ),31.39,Reef fish
Mafia,2016,September,Changu( CHN ),247.05,Reef fish
Mafia,2016,September,Lutjanus spp( LDW ),120.6,Reef fish
Mafia,2016,September,Lethrinus borbonicus( LHB ),276.98999999999995,Reef fish
Mafia,2016,September,Lethrinus harak( LHH ),120.6,Reef fish
Mafia,2016,September,Lethrinus rubrioperculatus( LHR ),301.5,Reef fish
Mafia,2016,September,Carrotomus carolinus( ULG ),11.7,Reef fish
Mafia,2016,October,Serranidae spp( CEW ),641.7,Reef fish
Mafia,2016,October,Lutjanus spp( LDW ),27.439999999999998,Reef fish
Mafia,2016,October,Lethrinus borbonicus( LHB ),508.35,Reef fish
Mafia,2016,October,Lethrinus harak( LHH ),519.25,Reef fish
Mafia,2016,October,Carrotomus carolinus( ULG ),13.9,Reef fish
Mafia,2016,November,Changu( CHN ),753.75,Reef fish
Mafia,2016,November,Lutjanus spp( LDW ),7.6499999999999995,Reef fish
Mafia,2016,November,Lethrinus borbonicus( LHB ),592.74,Reef fish
Mafia,2016,November,Lethrinus harak( LHH ),24.3,Reef fish
Mafia,2016,November,Carrotomus carolinus( ULG ),11.7,Reef fish
Mafia,2016,December,Serranidae spp( CEW ),42.97,Reef fish
Mafia,2016,December,Changu( CHN ),155.78,Reef fish
Mafia,2016,December,Lutjanus spp( LDW ),311558.18,Reef fish
Mafia,2016,December,Lethrinus borbonicus( LHB ),584.87,Reef fish
Mafia,2016,December,Lethrinus harak( LHH ),344.1,Reef fish
Mafia,2017,January,Serranidae spp( CEW ),859.3199999999999,Reef fish
Mafia,2017,January,Changu( CHN ),623.1,Reef fish
Mafia,2017,January,Lutjanus spp( LDW ),934.65,Reef fish
Mafia,2017,January,Lethrinus borbonicus( LHB ),983.52,Reef fish
Mafia,2017,January,Lethrinus harak( LHH ),218.09,Reef fish
Mafia,2017,January,Lethrinus nebulosus( LHN ),10.229999999999999,Reef fish
Mafia,2017,February,Lethrinus borbonicus( LHB ),232.16,Reef fish
Mafia,2017,February,Lethrinus harak( LHH ),1969.8,Reef fish
Mafia,2017,March,Lutjanus spp( LDW ),581.56,Reef fish
Mafia,2017,March,Lethrinus borbonicus( LHB ),623.1,Reef fish
Mafia,2017,April,Serranidae spp( CEW ),3211.23,Reef fish
Mafia,2017,April,Changu( CHN ),611.97,Reef fish
Mafia,2017,April,Lutjanus spp( LDW ),522.6,Reef fish
Mafia,2017,April,Lethrinus spp( LH ),90.45,Reef fish
Mafia,2017,April,Lethrinus borbonicus( LHB ),377.36,Reef fish
Mafia,2017,April,Lethrinus harak( LHH ),115.29,Reef fish
Mafia,2017,April,Lethrinus nebulosus( LHN ),311.55,Reef fish
Mafia,2017,April,Carrotomus carolinus( ULG ),7.8,Reef fish
Mafia,2017,May,Lethrinus borbonicus( LHB ),398.44,Reef fish
Mafia,2017,May,Lethrinus nebulosus( LHN ),86.8,Reef fish
Mafia,2017,May,Carrotomus carolinus( ULG ),6.05,Reef fish
Mafia,2017,June,Serranidae spp( CEW ),26.97,Reef fish
Mafia,2017,June,Changu( CHN ),613.92,Reef fish
Mafia,2017,June,Lutjanus spp( LDW ),375.17,Reef fish
Mafia,2017,June,Lethrinus spp( LH ),207.7,Reef fish
Mafia,2017,June,Lethrinus borbonicus( LHB ),455.92999999999995,Reef fish
Mafia,2017,June,Lethrinus harak( LHH ),130.65,Reef fish
Mafia,2017,June,Lethrinus rubrioperculatus( LHR ),135.68,Reef fish
Mafia,2017,June,Carrotomus carolinus( ULG ),29.54,Reef fish
Mafia,2017,July,Serranidae spp( CEW ),13.450000000000001,Reef fish
Mafia,2017,July,Changu( CHN ),340.16,Reef fish
Mafia,2017,July,Lutjanus spp( LDW ),677.21,Reef fish
Mafia,2017,July,Lethrinus borbonicus( LHB ),404.45,Reef fish
Mafia,2017,July,Lethrinus harak( LHH ),296.13,Reef fish
Mafia,2017,July,Lethrinus lentjan( LHL ),36.27,Reef fish
Mafia,2017,July,Lethrinus nebulosus( LHN ),124.61999999999999,Reef fish
Mafia,2017,July,Carrotomus carolinus( ULG ),26.6,Reef fish
Mafia,2017,Augast,Serranidae spp( CEW ),460.5,Reef fish
Mafia,2017,Augast,Changu( CHN ),480.35,Reef fish
Mafia,2017,Augast,Lutjanus spp( LDW ),584.74,Reef fish
Mafia,2017,Augast,Lethrinus borbonicus( LHB ),398.42999999999995,Reef fish
Mafia,2017,Augast,Lethrinus harak( LHH ),15.719999999999999,Reef fish
Mafia,2017,Augast,Lethrinus rubrioperculatus( LHR ),40.92,Reef fish
Mafia,2017,Augast,Carrotomus carolinus( ULG ),0.62,Reef fish
Mafia,2017,September,Serranidae spp( CEW ),206.63,Reef fish
Mafia,2017,September,Changu( CHN ),179.64,Reef fish
Mafia,2017,September,Lutjanus spp( LDW ),149.08,Reef fish
Mafia,2017,September,Lethrinus borbonicus( LHB ),192.94,Reef fish
Mafia,2017,September,Lethrinus harak( LHH ),236.2,Reef fish
Mafia,2017,September,Lethrinus nebulosus( LHN ),145.73,Reef fish
Mafia,2017,September,Lethrinus rubrioperculatus( LHR ),150.75,Reef fish
Mafia,2017,September,Carrotomus carolinus( ULG ),11.52,Reef fish
Mafia,2017,October,Serranidae spp( CEW ),195.96,Reef fish
Mafia,2017,October,Changu( CHN ),1189.78,Reef fish
Mafia,2017,October,Lutjanus spp( LDW ),201.85000000000002,Reef fish
Mafia,2017,October,Lethrinus spp( LH ),1.58,Reef fish
Mafia,2017,October,Lethrinus borbonicus( LHB ),416.84000000000003,Reef fish
Mafia,2017,October,Lethrinus harak( LHH ),186.28,Reef fish
Mafia,2017,October,Lethrinus lentjan( LHL ),24.8,Reef fish
Mafia,2017,October,Lethrinus nebulosus( LHN ),218.09,Reef fish
Mafia,2017,October,Lethrinus rubrioperculatus( LHR ),186.93,Reef fish
Mafia,2017,October,Carrotomus carolinus( ULG ),32.18,Reef fish
Mafia,2017,November,Serranidae spp( CEW ),351.84000000000003,Reef fish
Mafia,2017,November,Changu( CHN ),1.2,Reef fish
Mafia,2017,November,Lutjanus spp( LDW ),391.95,Reef fish
Mafia,2017,November,Lethrinus borbonicus( LHB ),6993.469999999999,Reef fish
Mafia,2017,November,Lethrinus harak( LHH ),281.4,Reef fish
Mafia,2017,November,Carrotomus carolinus( ULG ),5.85,Reef fish
Mafia,2017,December,Serranidae spp( CEW ),501.89,Reef fish
Mafia,2017,December,Lethrinus spp( LH ),934.65,Reef fish
Mafia,2017,December,Lethrinus borbonicus( LHB ),514.9499999999999,Reef fish
Mafia,2018,January,Serranidae spp( CEW ),30.59,Reef fish
Mafia,2018,January,Changu( CHN ),112.1,Reef fish
Mafia,2018,January,Lutjanus spp( LDW ),71.41000000000001,Reef fish
Mafia,2018,January,Lethrinus borbonicus( LHB ),67.86,Reef fish
Mafia,2018,January,Lethrinus harak( LHH ),17.8,Reef fish
Mafia,2018,January,Carrotomus carolinus( ULG ),1.51,Reef fish
Mafia,2018,February,Serranidae spp( CEW ),0.31,Reef fish
Mafia,2018,February,Carrotomus carolinus( ULG ),0.2,Reef fish
Mafia,2018,April,Serranidae spp( CEW ),2.06,Reef fish
Mafia,2018,April,Lethrinus borbonicus( LHB ),3.77,Reef fish
Mafia,2018,April,Lethrinus harak( LHH ),0.51,Reef fish
Mafia,2018,April,Carrotomus carolinus( ULG ),0.07,Reef fish
Mafia,2018,May,Lethrinus spp( LH ),0.4,Reef fish
Mafia,2018,May,Lethrinus borbonicus( LHB ),17.8,Reef fish
Mafia,2018,June,Changu( CHN ),86.14,Reef fish
Mafia,2018,June,Lutjanus spp( LDW ),3.77,Reef fish
Mafia,2018,June,Lethrinus borbonicus( LHB ),86.14,Reef fish
Mafia,2018,June,Carrotomus carolinus( ULG ),1.6500000000000001,Reef fish
Mafia,2018,October,Serranidae spp( CEW ),60.91,Reef fish
Mafia,2018,October,Lethrinus borbonicus( LHB ),31.110000000000003,Reef fish
Mafia,2018,November,Serranidae spp( CEW ),60.91,Reef fish
Mafia,2018,November,Lethrinus borbonicus( LHB ),31.110000000000003,Reef fish
Mafia,2018,december,Serranidae spp( CEW ),16.95,Reef fish
Mafia,2018,december,Changu( CHN ),43.620000000000005,Reef fish
Mafia,2018,december,Lutjanus spp( LDW ),16.77,Reef fish
Mafia,2018,december,Lethrinus spp( LH ),14.84,Reef fish
Mafia,2018,december,Lethrinus borbonicus( LHB ),25.21,Reef fish
Mafia,2018,december,Carrotomus carolinus( ULG ),0.8600000000000001,Reef fish
Mafia,2019,January,Serranidae spp( CEW ),1.9,Reef fish
Mafia,2019,January,Changu( CHN ),49.24,Reef fish
Mafia,2019,January,Lutjanus spp( LDW ),19.04,Reef fish
Mafia,2019,January,Lethrinus spp( LH ),20.77,Reef fish
Mafia,2019,January,Lethrinus borbonicus( LHB ),39.07,Reef fish
Mafia,2019,January,Lethrinus harak( LHH ),31.16,Reef fish
Mafia,2019,January,Lethrinus nebulosus( LHN ),38.08,Reef fish
Mafia,2019,January,Carrotomus carolinus( ULG ),0.69,Reef fish
Mafia,2019,February,Changu( CHN ),44.44,Reef fish
Mafia,2019,February,Lethrinus borbonicus( LHB ),97.19,Reef fish
Mafia,2019,February,Carrotomus carolinus( ULG ),0.26,Reef fish
Mafia,2019,March,Serranidae spp( CEW ),8.61,Reef fish
Mafia,2019,March,Changu( CHN ),56.379999999999995,Reef fish
Mafia,2019,March,Lutjanus spp( LDW ),73.49000000000001,Reef fish
Mafia,2019,March,Lethrinus borbonicus( LHB ),102.57,Reef fish
Mafia,2019,March,Lethrinus harak( LHH ),35.52,Reef fish
Mafia,2019,March,Carrotomus carolinus( ULG ),0.19,Reef fish
Mafia,2019,April,Serranidae spp( CEW ),0.58,Reef fish
Mafia,2019,April,Lutjanus spp( LDW ),1.41,Reef fish
Mafia,2019,April,Lethrinus borbonicus( LHB ),86.14,Reef fish
Mafia,2019,April,Lethrinus harak( LHH ),64.61,Reef fish
Mafia,2019,May,Serranidae spp( CEW ),6.63,Reef fish
Mafia,2019,May,Changu( CHN ),173.58,Reef fish
Mafia,2019,May,Lethrinus borbonicus( LHB ),4.51,Reef fish
Mafia,2019,May,Lethrinus rubrioperculatus( LHR ),89.01,Reef fish
Mafia,2019,May,Carrotomus carolinus( ULG ),2.94,Reef fish
Mafia,2019,June,Serranidae spp( CEW ),50.120000000000005,Reef fish
Mafia,2019,June,Changu( CHN ),114.86,Reef fish
Mafia,2019,June,Lutjanus spp( LDW ),17.95,Reef fish
Mafia,2019,June,Lethrinus spp( LH ),3.34,Reef fish
Mafia,2019,June,Lethrinus borbonicus( LHB ),79.49000000000001,Reef fish
Mafia,2019,June,Lethrinus harak( LHH ),144.6,Reef fish
Mafia,2019,June,Lethrinus nebulosus( LHN ),45.94,Reef fish
Mafia,2019,July,Serranidae spp( CEW ),114.36,Reef fish
Mafia,2019,July,Changu( CHN ),81.44000000000001,Reef fish
Mafia,2019,July,Lutjanus spp( LDW ),32.11,Reef fish
Mafia,2019,July,Lethrinus spp( LH ),159.95000000000002,Reef fish
Mafia,2019,July,Lethrinus borbonicus( LHB ),76.49000000000001,Reef fish
Mafia,2019,July,Lethrinus harak( LHH ),63.790000000000006,Reef fish
Mafia,2019,July,Lethrinus nebulosus( LHN ),31.16,Reef fish
Mafia,2019,July,Lutjanus ssp( LTJ ),133.52,Reef fish
Mafia,2019,July,Carrotomus carolinus( ULG ),2.44,Reef fish
Mafia,2019,Augast,Serranidae spp( CEW ),43.02,Reef fish
Mafia,2019,Augast,Lutjanus spp( LDW ),37.6,Reef fish
Mafia,2019,Augast,Lethrinus spp( LH ),62.63,Reef fish
Mafia,2019,Augast,Lethrinus borbonicus( LHB ),69.55,Reef fish
Mafia,2019,Augast,Carrotomus carolinus( ULG ),3.86,Reef fish
Mafia,2019,September,Lethrinus spp( LH ),8.229999999999999,Reef fish
Mafia,2019,September,Lethrinus borbonicus( LHB ),141.69,Reef fish
Kibiti,2016,June,Serranidae spp( CEW ),64.03,Reef fish
Kibiti,2016,June,Lutjanus spp( LDW ),210.6,Reef fish
Kibiti,2016,June,Lethrinus spp( LH ),395.92999999999995,Reef fish
Kibiti,2016,July,Serranidae spp( CEW ),212.54,Reef fish
Kibiti,2016,Augast,Serranidae spp( CEW ),517.08,Reef fish
Kibiti,2016,Augast,Lethrinus harak( LHH ),217.62,Reef fish
Kibiti,2016,October,Serranidae spp( CEW ),290.16,Reef fish
Kibiti,2017,March,Serranidae spp( CEW ),121.01,Reef fish
Kibiti,2017,Augast,Lethrinus harak( LHH ),435.24,Reef fish
Kibiti,2017,September,Lethrinus spp( LH ),252.72,Reef fish
Kibiti,2017,September,Lethrinus borbonicus( LHB ),421.2,Reef fish
Kibiti,2018,January,Serranidae spp( CEW ),21.45,Reef fish
Kibiti,2018,February,Serranidae spp( CEW ),50.74,Reef fish
Kibiti,2018,March,Serranidae spp( CEW ),15.41,Reef fish
Kibiti,2018,April,Serranidae spp( CEW ),15.41,Reef fish
Kibiti,2018,May,Lutjanus spp( LDW ),45.6,Reef fish
Kibiti,2018,May,Lethrinus spp( LH ),41.449999999999996,Reef fish
Kibiti,2018,May,Lethrinus borbonicus( LHB ),57.51,Reef fish
Kibiti,2018,May,Lethrinus harak( LHH ),41.449999999999996,Reef fish
Kibiti,2018,June,Serranidae spp( CEW ),21.97,Reef fish
Kibiti,2018,Augast,Serranidae spp( CEW ),13.61,Reef fish
Kibiti,2018,Augast,Lutjanus spp( LDW ),689.4399999999999,Reef fish
Kibiti,2018,November,Serranidae spp( CEW ),171.73,Reef fish
Kibiti,2018,November,Changu( CHN ),20.06,Reef fish
Kibiti,2018,November,Lutjanus spp( LDW ),9.94,Reef fish
Kibiti,2018,November,Lethrinus spp( LH ),287.78999999999996,Reef fish
Kibiti,2018,November,Lethrinus borbonicus( LHB ),30.34,Reef fish
Kibiti,2018,November,Lethrinus harak( LHH ),103.29,Reef fish
Kibiti,2018,December,Serranidae spp( CEW ),18.04,Reef fish
Kibiti,2018,December,Changu( CHN ),62.18,Reef fish
Kibiti,2018,December,Lutjanus spp( LDW ),131.53,Reef fish
Kibiti,2018,December,Lethrinus spp( LH ),160.62,Reef fish
Kibiti,2018,December,Lethrinus borbonicus( LHB ),50,Reef fish
Kibiti,2018,December,Lethrinus harak( LHH ),138.17,Reef fish
Kibiti,2018,December,Lethrinus rubrioperculatus( LHR ),41.97,Reef fish
Kibiti,2019,January,Serranidae spp( CEW ),81.05,Reef fish
Kibiti,2019,January,Changu( CHN ),51.809999999999995,Reef fish
Kibiti,2019,January,Lutjanus spp( LDW ),370.58,Reef fish
Kibiti,2019,January,Lethrinus spp( LH ),189.44,Reef fish
Kibiti,2019,January,Lethrinus borbonicus( LHB ),409.5,Reef fish
Kibiti,2019,January,Lethrinus harak( LHH ),199.60999999999999,Reef fish
Kibiti,2019,February,Serranidae spp( CEW ),7.42,Reef fish
Kibiti,2019,February,Changu( CHN ),105.3,Reef fish
Kibiti,2019,February,Lethrinus spp( LH ),78.61999999999999,Reef fish
Kibiti,2019,February,Lethrinus borbonicus( LHB ),275.04,Reef fish
Kibiti,2019,February,Lethrinus harak( LHH ),44.93,Reef fish
Kibiti,2019,March,Serranidae spp( CEW ),196.98000000000002,Reef fish
Kibiti,2019,March,Lethrinus spp( LH ),246.23,Reef fish
Kibiti,2019,April,Serranidae spp( CEW ),47.9,Reef fish
Kibiti,2019,April,Changu( CHN ),72.21000000000001,Reef fish
Kibiti,2019,April,Lutjanus spp( LDW ),72.21000000000001,Reef fish
Kibiti,2019,April,Lethrinus spp( LH ),210.6,Reef fish
Kibiti,2019,April,Lethrinus borbonicus( LHB ),67.86,Reef fish
Kibiti,2019,April,Lethrinus harak( LHH ),109.42,Reef fish
Kibiti,2019,May,Serranidae spp( CEW ),118.56,Reef fish
Kibiti,2019,May,Changu( CHN ),1.99,Reef fish
Kibiti,2019,May,Lethrinus spp( LH ),417.96,Reef fish
Kibiti,2019,May,Lethrinus borbonicus( LHB ),171.03,Reef fish
Kibiti,2019,May,Lethrinus harak( LHH ),114.9,Reef fish
Kigamboni,2019,January,Serranidae spp( CEW ),45.730000000000004,Reef fish
Kigamboni,2019,January,Changu( CHN ),1049.01,Reef fish
Kigamboni,2019,January,Lutjanus spp( LDW ),49.660000000000004,Reef fish
Kigamboni,2019,January,Lethrinus borbonicus( LHB ),6.88,Reef fish
Kigamboni,2019,January,Lethrinus rubrioperculatus( LHR ),16.55,Reef fish
Kigamboni,2019,February,Serranidae spp( CEW ),53.4,Reef fish
Kigamboni,2019,February,Changu( CHN ),5.79,Reef fish
Kigamboni,2019,February,Lutjanus spp( LDW ),0.48000000000000004,Reef fish
Kigamboni,2019,February,Lethrinus borbonicus( LHB ),22.25,Reef fish
Kigamboni,2019,February,Lethrinus harak( LHH ),4.2700000000000005,Reef fish
Kigamboni,2019,February,Lethrinus rubrioperculatus( LHR ),3.3099999999999996,Reef fish
Kigamboni,2019,March,Serranidae spp( CEW ),10.98,Reef fish
Kigamboni,2019,March,Changu( CHN ),9.850000000000001,Reef fish
Kigamboni,2019,March,Lutjanus spp( LDW ),14.59,Reef fish
Kigamboni,2019,March,Lethrinus borbonicus( LHB ),4.470000000000001,Reef fish
Kigamboni,2019,March,Lethrinus harak( LHH ),10.84,Reef fish
Kigamboni,2019,March,Lethrinus rubrioperculatus( LHR ),4.73,Reef fish
Kigamboni,2019,April,Serranidae spp( CEW ),11.59,Reef fish
Kigamboni,2019,April,Changu( CHN ),4.96,Reef fish
Kigamboni,2019,April,Lutjanus spp( LDW ),3.4299999999999997,Reef fish
Kigamboni,2019,April,Lethrinus borbonicus( LHB ),7.41,Reef fish
Kigamboni,2019,April,Lethrinus nebulosus( LHN ),7.63,Reef fish
Kigamboni,2019,May,Serranidae spp( CEW ),6.92,Reef fish
Kigamboni,2019,May,Changu( CHN ),13.31,Reef fish
Kigamboni,2019,May,Lutjanus spp( LDW ),12.84,Reef fish
Kigamboni,2019,May,Lethrinus spp( LH ),1.2,Reef fish
Kigamboni,2019,May,Lethrinus borbonicus( LHB ),5.1499999999999995,Reef fish
Kigamboni,2019,May,Lethrinus harak( LHH ),5.95,Reef fish
Kigamboni,2019,June,Changu( CHN ),15.52,Reef fish
Kigamboni,2019,June,Lutjanus spp( LDW ),26.51,Reef fish
Kigamboni,2019,June,Lethrinus borbonicus( LHB ),8.450000000000001,Reef fish
Kigamboni,2019,June,Lethrinus harak( LHH ),18.51,Reef fish
Kigamboni,2019,June,Lethrinus rubrioperculatus( LHR ),2.86,Reef fish
Kigamboni,2019,July,Serranidae spp( CEW ),3.94,Reef fish
Kigamboni,2019,July,Changu( CHN ),5.52,Reef fish
Kigamboni,2019,July,Lutjanus spp( LDW ),2.96,Reef fish
Kigamboni,2019,July,Lethrinus borbonicus( LHB ),6.8,Reef fish
Kigamboni,2019,July,Lethrinus harak( LHH ),3.74,Reef fish
Kigamboni,2019,July,Lethrinus nebulosus( LHN ),3.15,Reef fish
Kigamboni,2019,July,Lethrinus rubrioperculatus( LHR ),12.42,Reef fish
Kigamboni,2019,Augast,Lethrinus spp( LH ),4.73,Reef fish
Kigamboni,2019,Augast,Lethrinus borbonicus( LHB ),4.970000000000001,Reef fish
Kigamboni,2019,september,Serranidae spp( CEW ),194.53,Reef fish
Kigamboni,2019,september,Lutjanus spp( LDW ),91.54,Reef fish
Kigamboni,2019,september,Lethrinus borbonicus( LHB ),4.01,Reef fish
Kigamboni,2017,September,Lutjanus spp( LDW ),8.7,Reef fish
Kigamboni,2017,October,Lutjanus spp( LDW ),21.979999999999997,Reef fish
Kigamboni,2017,November,Serranidae spp( CEW ),0.36,Reef fish
Kigamboni,2017,November,Lutjanus spp( LDW ),0.72,Reef fish
Kigamboni,2017,November,Lethrinus borbonicus( LHB ),6.48,Reef fish
Kigamboni,2017,November,Lethrinus harak( LHH ),1.44,Reef fish
Kigamboni,2018,February,Serranidae spp( CEW ),12.82,Reef fish
Kigamboni,2018,February,Lutjanus spp( LDW ),1.78,Reef fish
Kigamboni,2018,February,Lethrinus borbonicus( LHB ),22.75,Reef fish
Kigamboni,2018,March,Serranidae spp( CEW ),19.06,Reef fish
Kigamboni,2018,March,Lutjanus spp( LDW ),78.83,Reef fish
Kigamboni,2018,March,Lethrinus borbonicus( LHB ),22.810000000000002,Reef fish
Kigamboni,2018,March,Lethrinus harak( LHH ),39.41,Reef fish
Kigamboni,2018,April,Serranidae spp( CEW ),16.39,Reef fish
Kigamboni,2018,April,Lutjanus spp( LDW ),21.17,Reef fish
Kigamboni,2018,April,Lethrinus borbonicus( LHB ),35.11,Reef fish
Kigamboni,2018,May,Serranidae spp( CEW ),36.07,Reef fish
Kigamboni,2018,May,Lutjanus spp( LDW ),47.3,Reef fish
Kigamboni,2018,May,Lethrinus borbonicus( LHB ),11.06,Reef fish
Kigamboni,2018,May,Lethrinus harak( LHH ),11.82,Reef fish
Kigamboni,2018,June,Serranidae spp( CEW ),20.38,Reef fish
Kigamboni,2018,June,Changu( CHN ),17.16,Reef fish
Kigamboni,2018,June,Lethrinus borbonicus( LHB ),27.08,Reef fish
Kigamboni,2018,June,Lethrinus harak( LHH ),12.34,Reef fish
Kigamboni,2018,June,Lethrinus nebulosus( LHN ),11.44,Reef fish
Kigamboni,2018,July,Serranidae spp( CEW ),23.56,Reef fish
Kigamboni,2018,July,Lutjanus spp( LDW ),53.94,Reef fish
Kigamboni,2018,July,Lethrinus borbonicus( LHB ),8.1,Reef fish
Kigamboni,2018,August,Lethrinus borbonicus( LHB ),20.1,Reef fish
Kigamboni,2018,October,Serranidae spp( CEW ),4.73,Reef fish
Kigamboni,2018,October,Lethrinus borbonicus( LHB ),6.7700000000000005,Reef fish
Kigamboni,2018,November,Serranidae spp( CEW ),21.259999999999998,Reef fish
Kigamboni,2018,November,Changu( CHN ),6.64,Reef fish
Kigamboni,2018,November,Lutjanus spp( LDW ),7.7,Reef fish
Kigamboni,2018,November,Lethrinus borbonicus( LHB ),30.45,Reef fish
Kigamboni,2018,November,Lethrinus rubrioperculatus( LHR ),2.29,Reef fish
Kigamboni,2018,December,Serranidae spp( CEW ),31.3,Reef fish
Kigamboni,2018,December,Lutjanus spp( LDW ),20.37,Reef fish
Kigamboni,2018,December,Lethrinus borbonicus( LHB ),2.8499999999999996,Reef fish
Kigamboni,2018,December,Lethrinus harak( LHH ),8.62,Reef fish
Mtwara Rural,2017,June,Serranidae spp( CEW ),4.5,Reef fish
Mtwara Rural,2018,February,Lutjanus spp( LDW ),30.53,Reef fish
Mtwara Rural,2018,July,Serranidae spp( CEW ),22.53,Reef fish
Mtwara Rural,2018,July,Lethrinus borbonicus( LHB ),16.9,Reef fish
Mtwara Rural,2018,November,Serranidae spp( CEW ),0.81,Reef fish
Mtwara Rural,2018,November,Lutjanus spp( LDW ),41.24,Reef fish
Mtwara Rural,2018,November,Lethrinus borbonicus( LHB ),7.03,Reef fish
Mtwara Rural,2018,November,Lethrinus harak( LHH ),29.72,Reef fish
Mtwara Rural,2018,November,Carrotomus carolinus( ULG ),17.69,Reef fish
Mtwara Rural,2018,December,Serranidae spp( CEW ),3.8099999999999996,Reef fish
Mtwara Rural,2018,December,Changu( CHN ),9.39,Reef fish
Mtwara Rural,2018,December,Lutjanus spp( LDW ),0.62,Reef fish
Mtwara Rural,2018,December,Lethrinus borbonicus( LHB ),16.9,Reef fish
Mtwara Rural,2018,December,Lethrinus harak( LHH ),20.82,Reef fish
Mtwara Rural,2019,January,Serranidae spp( CEW ),15.02,Reef fish
Mtwara Rural,2019,January,Lethrinus harak( LHH ),35.21,Reef fish
Mtwara Rural,2019,February,Lethrinus borbonicus( LHB ),5.09,Reef fish
Mtwara Rural,2019,February,Lethrinus harak( LHH ),33.92,Reef fish
Mtwara Rural,2019,March,Serranidae spp( CEW ),10.28,Reef fish
Mtwara Rural,2019,March,Lutjanus spp( LDW ),33.349999999999994,Reef fish
Mtwara Rural,2019,March,Lethrinus harak( LHH ),112.66,Reef fish
Mtwara Rural,2019,March,Carrotomus carolinus( ULG ),3.4299999999999997,Reef fish
Mtwara Rural,2019,April,Lutjanus spp( LDW ),32.620000000000005,Reef fish
Mtwara Rural,2019,May,Serranidae spp( CEW ),0.09,Reef fish
Mtwara Rural,2019,May,Lethrinus spp( LH ),0.7,Reef fish
Mtwara Rural,2019,May,Lethrinus borbonicus( LHB ),0.16,Reef fish
Mtwara Rural,2019,May,Lethrinus harak( LHH ),6.74,Reef fish
Mtwara Rural,2019,June,Lutjanus spp( LDW ),66.32,Reef fish
Mtwara Rural,2019,June,Carrotomus carolinus( ULG ),1.41,Reef fish
Mtwara Rural,2019,July,Lutjanus spp( LDW ),22.53,Reef fish
Mtwara Rural,2019,July,Lethrinus harak( LHH ),15.02,Reef fish
Mtwara Rural,2019,August,Serranidae spp( CEW ),12.81,Reef fish
Mtwara Rural,2019,August,Lutjanus spp( LDW ),18.49,Reef fish
Mtwara Rural,2019,August,Lethrinus spp( LH ),31.27,Reef fish
Mtwara Rural,2019,August,Lethrinus borbonicus( LHB ),5.63,Reef fish
Mtwara Rural,2019,August,Lethrinus harak( LHH ),27.67,Reef fish
Mtwara Rural,2019,August,Carrotomus carolinus( ULG ),4.52,Reef fish
Mtwara Rural,2019,September,Serranidae spp( CEW ),32.39,Reef fish
Mtwara Rural,2019,September,Lutjanus spp( LDW ),27.259999999999998,Reef fish
Mtwara Rural,2019,September,Lethrinus spp( LH ),21.810000000000002,Reef fish
Kilwa,2016,July,Tuna( NGR ),690.99,Tuna fish
Kilwa,2016,August,Tuna( NGR ),811.3499999999999,Tuna fish
Kilwa,2016,October,Tuna( NGR ),479.78999999999996,Tuna fish
Kilwa,2017,May,Tuna( NGR ),232.38000000000002,Tuna fish
Kilwa,2017,July,Thunnus albacares( YFT ),280.4,Tuna fish
Kilwa,2017,October,Thunnus albacares( YFT ),340.2,Tuna fish
Kilwa,2017,November,Scomberomorus guttatus( GUT ),139.73,Tuna fish
Kilwa,2017,November,Euthynnus affinis( KAW ),0.8700000000000001,Tuna fish
Kilwa,2017,November,Tuna( NGR ),0.6799999999999999,Tuna fish
Kilwa,2017,November,Thunnus albacares( YFT ),310.22999999999996,Tuna fish
Kilwa,2017,December,Scomberomorus guttatus( GUT ),51.99,Tuna fish
Kilwa,2017,December,Tuna( NGR ),90.67999999999999,Tuna fish
Kilwa,2018,January,Other tuna( JDR ),24.57,Tuna fish
Kilwa,2018,January,Tuna( NGR ),0.12000000000000001,Tuna fish
Kilwa,2018,February,Tuna( NGR ),189.88000000000002,Tuna fish
Kilwa,2018,April,Tuna( NGR ),18.9,Tuna fish
Kilwa,2018,April,Thunnus albacares( YFT ),47.25,Tuna fish
Kilwa,2018,November,Scomberomorus guttatus( GUT ),0.8500000000000001,Tuna fish
Kilwa,2018,November,Tuna( NGR ),110.55,Tuna fish
Kilwa,2018,November,Istiophorus platypterus( SFA ),0.47000000000000003,Tuna fish
Kilwa,2018,November,Thunnus albacares( YFT ),5.13,Tuna fish
Kilwa,2018,December,Scomberomorus guttatus( GUT ),12.360000000000001,Tuna fish
Kilwa,2018,December,Tuna( NGR ),39.14,Tuna fish
Kilwa,2019,January,Thunnus obesus( BET ),4.98,Tuna fish
Kilwa,2019,January,Scomberomorus guttatus( GUT ),0.09,Tuna fish
Kilwa,2019,February,Thunnus obesus( BET ),61.91,Tuna fish
Kilwa,2019,June,Other tuna( JDR ),13.2,Tuna fish
Kilwa,2019,June,Tuna( NGR ),142.23999999999998,Tuna fish
Kilwa,2019,July,Auxis thazard( FRI ),594.02,Tuna fish
Mafia,2016,June,Thunnus obesus( BET ),1.08,Tuna fish
Mafia,2016,June,Katsuwonus pelamis( SKJ ),7.56,Tuna fish
Mafia,2016,July,Tuna( NGR ),84.35,Tuna fish
Mafia,2016,Augast,Scomberomorus guttatus( GUT ),2.6,Tuna fish
Mafia,2016,Augast,Tuna( NGR ),25.27,Tuna fish
Mafia,2016,October,Katsuwonus pelamis( SKJ ),3.9099999999999997,Tuna fish
Mafia,2017,April,Thunnus obesus( BET ),14.76,Tuna fish
Mafia,2017,May,Euthynnus affinis( KAW ),11.16,Tuna fish
Mafia,2017,May,Tuna( NGR ),20.77,Tuna fish
Mafia,2017,June,Tuna( NGR ),11.52,Tuna fish
Mafia,2017,July,Tuna( NGR ),9.49,Tuna fish
Mafia,2017,July,Istiophorus platypterus( SFA ),996.9599999999999,Tuna fish
Mafia,2017,Augast,Tuna( NGR ),1.86,Tuna fish
Mafia,2017,September,Tuna( NGR ),70.35,Tuna fish
Mafia,2017,October,Tuna( NGR ),47.99,Tuna fish
Mafia,2017,November,Tuna( NGR ),3.6,Tuna fish
Mafia,2018,April,Tuna( NGR ),1.71,Tuna fish
Mafia,2018,december,Tuna( NGR ),33.44,Tuna fish
Mafia,2019,June,Scomberomorus commerson( COM ),40.2,Tuna fish
Mafia,2019,June,Tuna( NGR ),1.71,Tuna fish
Mafia,2019,July,Scomberomorus guttatus( GUT ),160.23,Tuna fish
Mafia,2019,July,Tuna( NGR ),1.59,Tuna fish
Mafia,2019,Augast,Euthynnus affinis( KAW ),0.53,Tuna fish
Kigamboni,2019,January,Scomberomorus commerson( COM ),0.44,Tuna fish
Kigamboni,2019,January,Scomberomorus guttatus( GUT ),0.33999999999999997,Tuna fish
Kigamboni,2019,February,Istiophorus platypterus( SFA ),0.49,Tuna fish
Kigamboni,2019,March,Euthynnus affinis( KAW ),36.849999999999994,Tuna fish
Kigamboni,2019,May,Scomberomorus commerson( COM ),85.53,Tuna fish
Kigamboni,2019,July,Auxis thazard( FRI ),9.46,Tuna fish
Kigamboni,2019,July,Euthynnus affinis( KAW ),12.219999999999999,Tuna fish
Kigamboni,2019,July,Thunnus albacares( YFT ),35.47,Tuna fish
Kigamboni,2017,September,Tuna( NGR ),0.6599999999999999,Tuna fish
Kigamboni,2017,October,Scomberomorus guttatus( GUT ),6.2,Tuna fish
Kigamboni,2017,October,Tuna( NGR ),1.47,Tuna fish
Kigamboni,2018,February,Scomberomorus guttatus( GUT ),7.119999999999999,Tuna fish
Kigamboni,2018,March,Tuna( NGR ),9.850000000000001,Tuna fish
Kigamboni,2018,June,Tuna( NGR ),7.63,Tuna fish
Kigamboni,2018,June,Thunnus albacares( YFT ),9.07,Tuna fish
Kigamboni,2018,November,Scomberomorus guttatus( GUT ),0.32,Tuna fish
Kigamboni,2018,November,Istiophorus platypterus( SFA ),0.8500000000000001,Tuna fish
Kigamboni,2018,December,Tuna( NGR ),21.279999999999998,Tuna fish
Kigamboni,2018,December,Istiophorus platypterus( SFA ),8.44,Tuna fish
Mtwara Rural,2018,December,Thunnus obesus( BET ),0.13,Tuna fish
Kilwa,2016,June,Octopus cyanea( OCC ),6,Octopus
Kilwa,2016,July,Octopus cyanea( OCC ),76.4,Octopus
Kilwa,2016,August,Octopus cyanea( OCC ),201.43,Octopus
Kilwa,2016,September,Octopus cyanea( OCC ),34.18,Octopus
Kilwa,2016,November,Octopus cyanea( OCC ),2160,Octopus
Kilwa,2017,April,Octopus cyanea( OCC ),24.86,Octopus
Kilwa,2017,June,Octopus cyanea( OCC ),15.870000000000001,Octopus
Kilwa,2017,August,Octopus cyanea( OCC ),37.260000000000005,Octopus
Kilwa,2017,November,Octopus cyanea( OCC ),7.109999999999999,Octopus
Kilwa,2017,December,Octopus cyanea( OCC ),2.98,Octopus
Kilwa,2018,January,Octopus cyanea( OCC ),25.2,Octopus
Kilwa,2018,February,Octopus cyanea( OCC ),18.45,Octopus
Kilwa,2018,March,Octopus cyanea( OCC ),25.91,Octopus
Kilwa,2018,July,Octopus cyanea( OCC ),1.2,Octopus
Kilwa,2018,November,Octopus cyanea( OCC ),45.220000000000006,Octopus
Kilwa,2018,December,Octopus cyanea( OCC ),25.08,Octopus
Kilwa,2019,January,Octopus cyanea( OCC ),13.51,Octopus
Kilwa,2019,February,Octopus cyanea( OCC ),10.78,Octopus
Kilwa,2019,March,Octopus cyanea( OCC ),9.739999999999998,Octopus
Kilwa,2019,April,Octopus cyanea( OCC ),1.71,Octopus
Kilwa,2019,June,Octopus cyanea( OCC ),6.73,Octopus
Kilwa,2019,July,Octopus cyanea( OCC ),20.459999999999997,Octopus
Kilwa,2019,August,Octopus cyanea( OCC ),19.49,Octopus
Kilwa,2019,September,Octopus cyanea( OCC ),10.69,Octopus
Mafia,2016,June,Octopus cyanea( OCC ),102.11,Octopus
Mafia,2016,July,Octopus cyanea( OCC ),59.11,Octopus
Mafia,2016,Augast,Octopus cyanea( OCC ),116.94000000000001,Octopus
Mafia,2016,September,Octopus cyanea( OCC ),127.46000000000001,Octopus
Mafia,2016,October,Octopus cyanea( OCC ),129.67,Octopus
Mafia,2016,November,Octopus cyanea( OCC ),109.36,Octopus
Mafia,2016,December,Octopus cyanea( OCC ),119.09,Octopus
Mafia,2017,January,Octopus cyanea( OCC ),124.54,Octopus
Mafia,2017,February,Octopus cyanea( OCC ),654.7,Octopus
Mafia,2017,March,Octopus cyanea( OCC ),139.19,Octopus
Mafia,2017,April,Octopus cyanea( OCC ),69.94000000000001,Octopus
Mafia,2017,May,Octopus cyanea( OCC ),95.61,Octopus
Mafia,2017,June,Octopus cyanea( OCC ),86.48,Octopus
Mafia,2017,July,Octopus cyanea( OCC ),43.68,Octopus
Mafia,2017,Augast,Octopus cyanea( OCC ),82.58,Octopus
Mafia,2017,September,Octopus cyanea( OCC ),124.89,Octopus
Mafia,2017,October,Octopus cyanea( OCC ),85.94000000000001,Octopus
Mafia,2017,November,Octopus cyanea( OCC ),10.29,Octopus
Mafia,2017,December,Octopus cyanea( OCC ),151.75,Octopus
Mafia,2018,January,Octopus cyanea( OCC ),15.3,Octopus
Mafia,2018,February,Octopus cyanea( OCC ),9.53,Octopus
Mafia,2018,April,Octopus cyanea( OCC ),16.27,Octopus
Mafia,2018,May,Octopus cyanea( OCC ),13.54,Octopus
Mafia,2018,June,Octopus cyanea( OCC ),14.629999999999999,Octopus
Mafia,2018,October,Octopus cyanea( OCC ),9.139999999999999,Octopus
Mafia,2018,November,Octopus cyanea( OCC ),9.139999999999999,Octopus
Mafia,2018,december,Octopus cyanea( OCC ),26.810000000000002,Octopus
Mafia,2019,January,Octopus cyanea( OCC ),38.71,Octopus
Mafia,2019,February,Octopus cyanea( OCC ),22.18,Octopus
Mafia,2019,March,Octopus cyanea( OCC ),21.62,Octopus
Mafia,2019,April,Octopus cyanea( OCC ),43.67,Octopus
Mafia,2019,May,Octopus cyanea( OCC ),6.56,Octopus
Mafia,2019,June,Octopus cyanea( OCC ),13.33,Octopus
Mafia,2019,July,Octopus cyanea( OCC ),18.02,Octopus
Mafia,2019,Augast,Octopus cyanea( OCC ),24.9,Octopus
Mafia,2019,September,Octopus cyanea( OCC ),72.69,Octopus
Kigamboni,2019,January,Octopus cyanea( OCC ),19.03,Octopus
Kigamboni,2019,February,Octopus cyanea( OCC ),16.89,Octopus
Kigamboni,2019,March,Octopus cyanea( OCC ),18.37,Octopus
Kigamboni,2019,April,Octopus cyanea( OCC ),18.330000000000002,Octopus
Kigamboni,2019,May,Octopus cyanea( OCC ),21.419999999999998,Octopus
Kigamboni,2019,June,Octopus cyanea( OCC ),12.78,Octopus
Kigamboni,2019,July,Octopus cyanea( OCC ),20.439999999999998,Octopus
Kigamboni,2019,Augast,Octopus cyanea( OCC ),13.03,Octopus
Kigamboni,2019,september,Octopus cyanea( OCC ),11.8,Octopus
Kigamboni,2017,September,Octopus cyanea( OCC ),21.6,Octopus
Kigamboni,2017,October,Octopus cyanea( OCC ),11.450000000000001,Octopus
Kigamboni,2018,January,Octopus cyanea( OCC ),9.15,Octopus
Kigamboni,2018,February,Octopus cyanea( OCC ),13.709999999999999,Octopus
Kigamboni,2018,March,Octopus cyanea( OCC ),25.07,Octopus
Kigamboni,2018,April,Octopus cyanea( OCC ),12.3,Octopus
Kigamboni,2018,May,Octopus cyanea( OCC ),10.82,Octopus
Kigamboni,2018,June,Octopus cyanea( OCC ),10.28,Octopus
Kigamboni,2018,July,Octopus cyanea( OCC ),6.71,Octopus
Kigamboni,2018,August,Octopus cyanea( OCC ),17.86,Octopus
Kigamboni,2018,October,Octopus cyanea( OCC ),7.52,Octopus
Kigamboni,2018,November,Octopus cyanea( OCC ),22.27,Octopus
Kigamboni,2018,December,Octopus cyanea( OCC ),19.25,Octopus
Mtwara Rural,2018,November,Octopus cyanea( OCC ),10.66,Octopus
Mtwara Rural,2018,December,Octopus cyanea( OCC ),8.61,Octopus
Mtwara Rural,2019,January,Octopus cyanea( OCC ),11.12,Octopus
Mtwara Rural,2019,February,Octopus cyanea( OCC ),17.34,Octopus
Mtwara Rural,2019,March,Octopus cyanea( OCC ),8.09,Octopus
Mtwara Rural,2019,April,Octopus cyanea( OCC ),14.51,Octopus
Mtwara Rural,2019,May,Octopus cyanea( OCC ),11,Octopus
Mtwara Rural,2019,June,Octopus cyanea( OCC ),7.01,Octopus
Mtwara Rural,2019,July,Octopus cyanea( OCC ),14.04,Octopus
Mtwara Rural,2019,August,Octopus cyanea( OCC ),9.850000000000001,Octopus
Mtwara Rural,2019,September,Octopus cyanea( OCC ),10.04,Octopus
Mtwara Rural,2019,October,Octopus cyanea( OCC ),6.35,Octopus
Mtwara Rural,2019,November,Octopus cyanea( OCC ),19.41,Octopus
Kilwa,2016,August,Taa( NYG ),1.58,Elasmobranch
Kilwa,2017,January,Taa( NYG ),2.05,Elasmobranch
Kilwa,2017,April,Taa( NYG ),0.54,Elasmobranch
Kilwa,2017,April,Manta alfredi( TNG ),1.08,Elasmobranch
Kilwa,2017,August,Aetobatus ocellatus( MAE ),0.74,Elasmobranch
Kilwa,2017,August,Taa( NYG ),0.29000000000000004,Elasmobranch
Kilwa,2017,August,Papa( PP ),0.54,Elasmobranch
Kilwa,2017,October,Taa( NYG ),2.29,Elasmobranch
Kilwa,2017,October,Maculabatis ambigua( RAJ ),0.9,Elasmobranch
Kilwa,2017,November,Aetobatus ocellatus( MAE ),80.91000000000001,Elasmobranch
Kilwa,2017,November,Taa( NYG ),175.5,Elasmobranch
Kilwa,2017,November,Maculabatis ambigua( RAJ ),0.75,Elasmobranch
Kilwa,2017,December,Aetobatus ocellatus( MAE ),24.18,Elasmobranch
Kilwa,2017,December,Taa( NYG ),201.5,Elasmobranch
Kilwa,2017,December,Papa( PP ),133.92000000000002,Elasmobranch
Kilwa,2018,February,Aetobatus ocellatus( MAE ),8.02,Elasmobranch
Kilwa,2018,February,Taa( NYG ),18.71,Elasmobranch
Kilwa,2018,February,Papa( PP ),20.6,Elasmobranch
Kilwa,2018,February,Maculabatis ambigua( RAJ ),13,Elasmobranch
Kilwa,2018,November,Carcharhinus sorrah( CCQ ),6,Elasmobranch
Kilwa,2018,November,Papa( PP ),0.17,Elasmobranch
Kilwa,2018,November,Maculabatis ambigua( RAJ ),96.81,Elasmobranch
Kilwa,2018,November,Rhynchobatus sp.( RCD ),4.18,Elasmobranch
Kilwa,2018,December,Aetobatus ocellatus( MAE ),7.3,Elasmobranch
Kilwa,2018,December,Taa( NYG ),44.91,Elasmobranch
Kilwa,2018,December,Maculabatis ambigua( RAJ ),204.81,Elasmobranch
Kilwa,2019,January,Aetobatus ocellatus( MAE ),13.82,Elasmobranch
Kilwa,2019,January,Maculabatis ambigua( RAJ ),16.79,Elasmobranch
Kilwa,2019,February,Maculabatis ambigua( RAJ ),271.21999999999997,Elasmobranch
Kilwa,2019,March,Taa( NYG ),58.99,Elasmobranch
Kilwa,2019,March,Maculabatis ambigua( RAJ ),14.39,Elasmobranch
Kilwa,2019,June,Taa( NYG ),0.21000000000000002,Elasmobranch
Kilwa,2019,June,Maculabatis ambigua( RAJ ),632.98,Elasmobranch
Kilwa,2019,July,Maculabatis ambigua( RAJ ),1.24,Elasmobranch
Kilwa,2019,August,Maculabatis ambigua( RAJ ),17.27,Elasmobranch
Kilwa,2019,August,Rhynchobatus sp.( RCD ),4.659999999999999,Elasmobranch
Mafia,2016,June,Papa( PP ),1.35,Elasmobranch
Mafia,2016,July,Maculabatis ambigua( RAJ ),16.93,Elasmobranch
Mafia,2016,Augast,Aetobatus ocellatus( MAE ),13.11,Elasmobranch
Mafia,2016,Augast,Taa( NYG ),5.39,Elasmobranch
Mafia,2016,Augast,Maculabatis ambigua( RAJ ),18.6,Elasmobranch
Mafia,2016,September,Papa( PP ),4.05,Elasmobranch
Mafia,2016,September,Maculabatis ambigua( RAJ ),10.8,Elasmobranch
Mafia,2016,October,Maculabatis ambigua( RAJ ),15.25,Elasmobranch
Mafia,2016,November,Taa( NYG ),7.02,Elasmobranch
Mafia,2016,November,Maculabatis ambigua( RAJ ),10.8,Elasmobranch
Mafia,2016,December,Aetobatus ocellatus( MAE ),18.6,Elasmobranch
Mafia,2017,January,Aetobatus ocellatus( MAE ),50.220000000000006,Elasmobranch
Mafia,2017,April,Maculabatis ambigua( RAJ ),20.25,Elasmobranch
Mafia,2017,May,Taa( NYG ),25.39,Elasmobranch
Mafia,2017,May,Maculabatis ambigua( RAJ ),11.16,Elasmobranch
Mafia,2017,May,Manta alfredi( TNG ),24.18,Elasmobranch
Mafia,2017,June,Taa( NYG ),9.360000000000001,Elasmobranch
Mafia,2017,June,Maculabatis ambigua( RAJ ),14.18,Elasmobranch
Mafia,2017,July,Taa( NYG ),4.84,Elasmobranch
Mafia,2017,July,Maculabatis ambigua( RAJ ),8.53,Elasmobranch
Mafia,2017,July,Manta alfredi( TNG ),0.28,Elasmobranch
Mafia,2017,Augast,Aetobatus ocellatus( MAE ),3.3499999999999996,Elasmobranch
Mafia,2017,Augast,Taa( NYG ),1.02,Elasmobranch
Mafia,2017,Augast,Papa( PP ),9.3,Elasmobranch
Mafia,2017,Augast,Maculabatis ambigua( RAJ ),9.67,Elasmobranch
Mafia,2017,September,Maculabatis ambigua( RAJ ),8.28,Elasmobranch
Mafia,2017,October,Aetobatus ocellatus( MAE ),9.3,Elasmobranch
Mafia,2017,October,Papa( PP ),9.3,Elasmobranch
Mafia,2017,November,Aetobatus ocellatus( MAE ),7.2,Elasmobranch
Mafia,2017,November,Papa( PP ),84.6,Elasmobranch
Mafia,2017,November,Maculabatis ambigua( RAJ ),9.719999999999999,Elasmobranch
Mafia,2017,November,Manta alfredi( TNG ),8.28,Elasmobranch
Mafia,2018,January,Taa( NYG ),1.26,Elasmobranch
Mafia,2018,January,Papa( PP ),1.33,Elasmobranch
Mafia,2018,January,Maculabatis ambigua( RAJ ),1,Elasmobranch
Mafia,2018,April,Maculabatis ambigua( RAJ ),1.71,Elasmobranch
Mafia,2018,October,Aetobatus ocellatus( MAE ),2.04,Elasmobranch
Mafia,2018,November,Aetobatus ocellatus( MAE ),2.04,Elasmobranch
Mafia,2018,december,Aetobatus ocellatus( MAE ),17.71,Elasmobranch
Mafia,2018,december,Maculabatis ambigua( RAJ ),0.62,Elasmobranch
Mafia,2019,January,Carcharhinus albimarginatus( ALS ),0.88,Elasmobranch
Mafia,2019,February,Taa( NYG ),1.72,Elasmobranch
Mafia,2019,February,Maculabatis ambigua( RAJ ),8,Elasmobranch
Mafia,2019,March,Papa( PP ),0.8,Elasmobranch
Mafia,2019,April,Aetobatus ocellatus( MAE ),2.3099999999999996,Elasmobranch
Mafia,2019,July,Papa mavongoroa( PMV ),3.54,Elasmobranch
Mafia,2019,Augast,Papa( PP ),1.42,Elasmobranch
Kibiti,2016,July,Papa( PP ),11.16,Elasmobranch
Kibiti,2017,January,Maculabatis ambigua( RAJ ),55.8,Elasmobranch
Kibiti,2017,March,Aetobatus ocellatus( MAE ),16.74,Elasmobranch
Kibiti,2017,March,Papa( PP ),16.74,Elasmobranch
Kibiti,2018,January,Maculabatis ambigua( RAJ ),15.15,Elasmobranch
Kibiti,2018,February,Maculabatis ambigua( RAJ ),1.86,Elasmobranch
Kibiti,2018,June,Maculabatis ambigua( RAJ ),7.46,Elasmobranch
Kibiti,2018,November,Papa( PP ),17.9,Elasmobranch
Kibiti,2018,December,Papa( PP ),18.49,Elasmobranch
Kibiti,2018,December,Maculabatis ambigua( RAJ ),9.25,Elasmobranch
Kibiti,2019,January,Papa( PP ),15.58,Elasmobranch
Kibiti,2019,February,Papa( PP ),3.71,Elasmobranch
Kibiti,2019,April,Papa( PP ),16.8,Elasmobranch
Kibiti,2019,April,Maculabatis ambigua( RAJ ),5.07,Elasmobranch
Kibiti,2019,May,Papa( PP ),23.630000000000003,Elasmobranch
Kibiti,2019,May,Maculabatis ambigua( RAJ ),20.03,Elasmobranch
Kigamboni,2019,January,Aetobatus ocellatus( MAE ),0.27,Elasmobranch
Kigamboni,2019,January,Papa( PP ),4.13,Elasmobranch
Kigamboni,2019,January,Manta alfredi( TNG ),0.56,Elasmobranch
Kigamboni,2019,February,Papa( PP ),29.77,Elasmobranch
Kigamboni,2019,March,Aetobatus ocellatus( MAE ),1.06,Elasmobranch
Kigamboni,2019,March,Papa( PP ),1.33,Elasmobranch
Kigamboni,2019,March,Manta alfredi( TNG ),1.59,Elasmobranch
Kigamboni,2019,May,Maculabatis ambigua( RAJ ),26.01,Elasmobranch
Kigamboni,2019,July,Himantura uarnak( DHV ),22.07,Elasmobranch
Kigamboni,2019,July,Papa( PP ),49.27,Elasmobranch
Kigamboni,2019,July,Maculabatis ambigua( RAJ ),1.97,Elasmobranch
Kigamboni,2017,October,Aetobatus ocellatus( MAE ),4.6499999999999995,Elasmobranch
Kigamboni,2017,October,Papa( PP ),2.4499999999999997,Elasmobranch
Kigamboni,2017,December,Taa( NYG ),0.46,Elasmobranch
Kigamboni,2018,March,Aetobatus ocellatus( MAE ),0.44,Elasmobranch
Kigamboni,2018,March,Papa( PP ),0.8,Elasmobranch
Kigamboni,2018,October,Papa( PP ),7.09,Elasmobranch
Kigamboni,2018,October,Maculabatis ambigua( RAJ ),29.56,Elasmobranch
Kigamboni,2018,November,Manta alfredi( TNG ),1.2,Elasmobranch
Kigamboni,2018,December,Carcharhinus plumbeus( CCP ),5.76,Elasmobranch
Kigamboni,2018,December,Aetobatus ocellatus( MAE ),1.33,Elasmobranch
Kigamboni,2018,December,Papa( PP ),4.6499999999999995,Elasmobranch
Kigamboni,2018,December,Maculabatis ambigua( RAJ ),1.06,Elasmobranch
Kigamboni,2018,December,Rhynchobatus sp.( RCD ),1.77,Elasmobranch
Mtwara Rural,2018,June,Taa( NYG ),0.1,Elasmobranch
Mtwara Rural,2018,June,Maculabatis ambigua( RAJ ),708.69,Elasmobranch
Mtwara Rural,2018,July,Taa( NYG ),0.01,Elasmobranch
Mtwara Rural,2018,July,Maculabatis ambigua( RAJ ),0.6,Elasmobranch
Mtwara Rural,2018,October,Maculabatis ambigua( RAJ ),2.77,Elasmobranch
Mtwara Rural,2018,October,Manta alfredi( TNG ),0.18,Elasmobranch
Mtwara Rural,2018,November,Aetobatus ocellatus( MAE ),19.71,Elasmobranch
Mtwara Rural,2018,November,Maculabatis ambigua( RAJ ),1.05,Elasmobranch
Mtwara Rural,2018,December,Aetobatus ocellatus( MAE ),129.56,Elasmobranch
Mtwara Rural,2019,March,Papa( PP ),157.73,Elasmobranch
Mtwara Rural,2019,May,Aetobatus ocellatus( MAE ),0.28,Elasmobranch
Mtwara Rural,2019,May,Taa( NYG ),0.07,Elasmobranch
Mtwara Rural,2019,May,Papa( PP ),0.09,Elasmobranch
Mtwara Rural,2019,May,Maculabatis ambigua( RAJ ),2.57,Elasmobranch
Mtwara Rural,2019,June,Maculabatis ambigua( RAJ ),0.45,Elasmobranch
Mtwara Rural,2019,July,Taa( NYG ),0.75,Elasmobranch
Mtwara Rural,2019,July,Maculabatis ambigua( RAJ ),0.32999999999999996,Elasmobranch
Mtwara Rural,2019,November,Taa( NYG ),0.04,Elasmobranch
Kilwa,2017,April,Mackerel(scomber)( KB ),5.04,Small pelagic
Kilwa,2017,November,Dagaa ( DPP ),1050,Small pelagic
Kilwa,2017,November,Mackerel(scomber)( KB ),25.2,Small pelagic
Kilwa,2017,December,Sardine( DA ),781.2,Small pelagic
Kilwa,2017,December,Dagaa ( DPP ),3255,Small pelagic
Kilwa,2018,January,Sardine( DA ),50.839999999999996,Small pelagic
Kilwa,2018,January,Mackerel(scomber)( KB ),2.79,Small pelagic
Kilwa,2018,February,Sardine( DA ),83.74000000000001,Small pelagic
Kilwa,2018,April,Sardine( DA ),157.5,Small pelagic
Kilwa,2018,April,Dagaa ( DPP ),34.5,Small pelagic
Kilwa,2018,April,Mackerel(scomber)( KB ),94,Small pelagic
Kilwa,2018,May,Dagaa ( DPP ),257.69,Small pelagic
Kilwa,2018,May,Mackerel(scomber)( KB ),275.13,Small pelagic
Kilwa,2018,November,Amblygaster sirm( AMS ),112.5,Small pelagic
Kilwa,2018,November,Dussumieria acuta( DSA ),131.14,Small pelagic
Kilwa,2018,November,Mackerel(scomber)( KB ),13.8,Small pelagic
Kilwa,2018,December,Sardine( DA ),69.23,Small pelagic
Kilwa,2018,December,Dussumieria acuta( DSA ),178.25,Small pelagic
Kilwa,2018,December,Mackerel(scomber)( VB ),217,Small pelagic
Kilwa,2019,May,Dagaa ( DPP ),18.6,Small pelagic
Kilwa,2019,May,Mackerel(scomber)( KB ),93.22,Small pelagic
Kilwa,2019,June,Sardine( DA ),15.15,Small pelagic
Kilwa,2019,June,Dagaa ( DPP ),207,Small pelagic
Kilwa,2019,June,Mackerel(scomber)( KB ),162,Small pelagic
Kilwa,2019,June,Decapterus russelli( RUS ),63,Small pelagic
Kilwa,2019,July,Dussumieria acuta( DSA ),130.2,Small pelagic
Kilwa,2019,July,Mackerel(scomber)( KB ),151.9,Small pelagic
Kigamboni,2019,February,Amblygaster sirm( AMS ),1.2,Small pelagic
