Location,Year,Month,Species,Catch Wt (Ton),,
Kilwa,2016,June,Serranidae spp( CEW ),359.28,,
Kilwa,2016,June,Caranx tille( CGX ),20.25,,
Kilwa,2016,June,Changu( CHN ),156.96,,
Kilwa,2016,June,Vipepeo( KPP ),29.25,,
Kilwa,2016,June,Lutjanus spp( LDW ),44.22,,
Kilwa,2016,June,Lethrinus spp( LH ),97.21,,
Kilwa,2016,June,Lethrinus borbonicus( LHB ),224.16,,
Kilwa,2016,June,Lethrinus harak( LHH ),44.94,,
Kilwa,2016,June,Lethrinus nebulosus( LHN ),442.2,,
Kilwa,2016,June,Octopus cyanea( OCC ),6,,
Kilwa,2016,June,Loligo spp( OJD ),110.55,,
Kilwa,2016,June,Panulirus spp( PUR ),0.42,,
Kilwa,2016,June,Siganus sp.( SGL ),108.54,,
Kilwa,2016,June,Carrotomus carolinus( ULG ),11.07,,
Kilwa,2016,June,Upeneus spp( UPL ),8.85,,
Kilwa,2016,July,Serranidae spp( CEW ),385.02,,
Kilwa,2016,July,Caranx tille( CGX ),3.01,,
Kilwa,2016,July,Chaetodon ssp( CHM ),1.27,,
Kilwa,2016,July,Changu( CHN ),218.64,,
Kilwa,2016,July,Kifuu( KF ),3.81,,
Kilwa,2016,July,Vikande( KKN ),0.93,,
Kilwa,2016,July,Milea( KOM ),251.32,,
Kilwa,2016,July,Lutjanus spp( LDW ),462.16,,
Kilwa,2016,July,Lethrinus spp( LH ),609.83,,
Kilwa,2016,July,Lethrinus borbonicus( LHB ),475.9,,
Kilwa,2016,July,Lethrinus harak( LHH ),380.78,,
Kilwa,2016,July,Lethrinus nebulosus( LHN ),205.62,,
Kilwa,2016,July,Lethrinus rubrioperculatus( LHR ),205.62,,
Kilwa,2016,July,Milea( ML ),11.44,,
Kilwa,2016,July,Gerres spp( MOJ ),"1,763.26",,
Kilwa,2016,July,Tuna( NGR ),690.99,,
Kilwa,2016,July,Netuma thalassina( NTT ),205.62,,
Kilwa,2016,July,Caranx spp( NXT ),685.41,,
Kilwa,2016,July,Octopus cyanea( OCC ),76.4,,
Kilwa,2016,July,Loligo spp( OJD ),"1,445.41",,
Kilwa,2016,July,Pono( PNW ),0.93,,
Kilwa,2016,July,Panulirus spp( PUR ),23.98,,
Kilwa,2016,July,Siganus sp.( SGL ),198.55,,
Kilwa,2016,July,Acanthurus spp( SUR  ),2.54,,
Kilwa,2016,July,Terrapon jarbua( TJB ),45.69,,
Kilwa,2016,July,Upeneus spp( UPL ),2.54,,
Kilwa,2016,August,Serranidae spp( CEW ),719.19,,
Kilwa,2016,August,Caranx tille( CGX ),695.18,,
Kilwa,2016,August,Changu( CHN ),661.65,,
Kilwa,2016,August,Cuttlefish( DM ),12.56,,
Kilwa,2016,August,Vikande( KKN ),0.28,,
Kilwa,2016,August,Lutjanus spp( LDW ),187.67,,
Kilwa,2016,August,Lethrinus spp( LH ),"1,331.92",,
Kilwa,2016,August,Lethrinus borbonicus( LHB ),244.83,,
Kilwa,2016,August,Lethrinus harak( LHH ),"3,388.56",,
Kilwa,2016,August,Gerres spp( MOJ ),"2,103.38",,
Kilwa,2016,August,Tuna( NGR ),811.35,,
Kilwa,2016,August,Caranx spp( NXT ),36.27,,
Kilwa,2016,August,Taa( NYG ),1.58,,
Kilwa,2016,August,Octopus cyanea( OCC ),201.43,,
Kilwa,2016,August,Loligo spp( OJD ),6.82,,
Kilwa,2016,August,Panulirus spp( PUR ),19.08,,
Kilwa,2016,August,Siganus sp.( SGL ),65.17,,
Kilwa,2016,August,Carrotomus carolinus( ULG ),6.51,,
Kilwa,2016,August,Upeneus spp( UPL ),3.26,,
Kilwa,2016,August,Acanthocybium solandiri( WAH ),685.41,,
Kilwa,2016,September,Changu( CHN ),3.42,,
Kilwa,2016,September,Lutjanus spp( LDW ),6.48,,
Kilwa,2016,September,Lethrinus spp( LH ),"3,928.89",,
Kilwa,2016,September,Lethrinus borbonicus( LHB ),117.39,,
Kilwa,2016,September,Lethrinus harak( LHH ),600.39,,
Kilwa,2016,September,Lethrinus nebulosus( LHN ),530.64,,
Kilwa,2016,September,Lethrinus rubrioperculatus( LHR ),176.88,,
Kilwa,2016,September,Gerres spp( MOJ ),"1,834.26",,
Kilwa,2016,September,Octopus cyanea( OCC ),34.18,,
Kilwa,2016,September,Loligo spp( OJD ),15.96,,
Kilwa,2016,September,Panulirus spp( PUR ),29.25,,
Kilwa,2016,September,Siganus sp.( SGL ),4.05,,
Kilwa,2016,September,Upeneus spp( UPL ),3.42,,
Kilwa,2016,October,Serranidae spp( CEW ),687.77,,
Kilwa,2016,October,Lutjanus spp( LDW ),4.71,,
Kilwa,2016,October,Lethrinus spp( LH ),6.98,,
Kilwa,2016,October,Lethrinus borbonicus( LHB ),9.42,,
Kilwa,2016,October,Lethrinus harak( LHH ),736.82,,
Kilwa,2016,October,Gerres spp( MOJ ),971,,
Kilwa,2016,October,Tuna( NGR ),479.79,,
Kilwa,2016,October,Siganus sp.( SGL ),6.57,,
Kilwa,2016,November,Serranidae spp( CEW ),331.65,,
Kilwa,2016,November,Lethrinus spp( LH ),201.69,,
Kilwa,2016,November,Octopus cyanea( OCC ),"2,160.00",,
Kilwa,2016,November,Siganus sp.( SGL ),80.9,,
Kilwa,2017,January,Serranidae spp( CEW ),1.4,,
Kilwa,2017,January,Kyphosus cinerascens( KYC ),11.16,,
Kilwa,2017,January,Lutjanus spp( LDW ),3.84,,
Kilwa,2017,January,Lethrinus spp( LH ),846.92,,
Kilwa,2017,January,Lethrinus borbonicus( LHB ),10.09,,
Kilwa,2017,January,Lethrinus harak( LHH ),6.93,,
Kilwa,2017,January,Gerres spp( MOJ ),"1,175.80",,
Kilwa,2017,January,Taa( NYG ),2.05,,
Kilwa,2017,January,Pono( PNW ),7.07,,
Kilwa,2017,January,Siganus sp.( SGL ),909.95,,
Kilwa,2017,March,Rachycentron canadum( CBA ),"3,221.43",,
Kilwa,2017,March,Milea( KOM ),479.79,,
Kilwa,2017,March,Lutjanus spp( LDW ),476.52,,
Kilwa,2017,March,Lethrinus spp( LH ),641.84,,
Kilwa,2017,March,Lethrinus harak( LHH ),502.63,,
Kilwa,2017,March,Netuma thalassina( NTT ),776.8,,
Kilwa,2017,March,Siganus sp.( SGL ),215.87,,
Kilwa,2017,March,Upeneus spp( UPL ),2.6,,
Kilwa,2017,April,Serranidae spp( CEW ),675.6,,
Kilwa,2017,April,Changu( CHN ),186.41,,
Kilwa,2017,April,Gymnasarda unicolor( DOT ),14.04,,
Kilwa,2017,April,Mackerel(scomber)( KB ),5.04,,
Kilwa,2017,April,Milea( KOM ),1.17,,
Kilwa,2017,April,Lutjanus spp( LDW ),1.17,,
Kilwa,2017,April,Lethrinus spp( LH ),45.39,,
Kilwa,2017,April,Lethrinus borbonicus( LHB ),213.36,,
Kilwa,2017,April,Lethrinus harak( LHH ),60.78,,
Kilwa,2017,April,Lethrinus nebulosus( LHN ),8.1,,
Kilwa,2017,April,Gerres spp( MOJ ),177.24,,
Kilwa,2017,April,Netuma thalassina( NTT ),928.62,,
Kilwa,2017,April,Taa( NYG ),0.54,,
Kilwa,2017,April,Octopus cyanea( OCC ),24.86,,
Kilwa,2017,April,Pono( PNW ),2.52,,
Kilwa,2017,April,Siganus sp.( SGL ),26.24,,
Kilwa,2017,April,Acanthurus spp( SUR  ),4.68,,
Kilwa,2017,April,Manta alfredi( TNG ),1.08,,
Kilwa,2017,May,Changu( CHN ),1.74,,
Kilwa,2017,May,Dagaa( DGM ),"2,770.01",,
Kilwa,2017,May,Gongora( GNG ),334.8,,
Kilwa,2017,May,Lutjanus spp( LDW ),360.65,,
Kilwa,2017,May,Lethrinus spp( LH ),971.85,,
Kilwa,2017,May,Lethrinus harak( LHH ),1.95,,
Kilwa,2017,May,Gerres spp( MOJ ),949.62,,
Kilwa,2017,May,Tuna( NGR ),232.38,,
Kilwa,2017,May,Siganus sp.( SGL ),124.36,,
Kilwa,2017,June,Sphyraena barracuda( BAQ ),132.66,,
Kilwa,2017,June,Serranidae spp( CEW ),143.72,,
Kilwa,2017,June,Changu( CHN ),268.38,,
Kilwa,2017,June,Milea( KOM ),99.56,,
Kilwa,2017,June,Lethrinus borbonicus( LHB ),102.38,,
Kilwa,2017,June,Lethrinus harak( LHH ),53.94,,
Kilwa,2017,June,Lethrinus rubrioperculatus( LHR ),66.33,,
Kilwa,2017,June,Gerres spp( MOJ ),"1,591.92",,
Kilwa,2017,June,Octopus cyanea( OCC ),15.87,,
Kilwa,2017,June,Pono( PNW ),1.08,,
Kilwa,2017,June,Panulirus spp( PUR ),15.29,,
Kilwa,2017,June,Siganus sp.( SGL ),8.69,,
Kilwa,2017,June,Acanthurus spp( SUR  ),3,,
Kilwa,2017,June,Carrotomus carolinus( ULG ),2.46,,
Kilwa,2017,July,Lethrinus spp( LH ),584.83,,
Kilwa,2017,July,Siganus sp.( SGL ),1.91,,
Kilwa,2017,July,Acanthocybium solandiri( WAH ),150.2,,
Kilwa,2017,July,Thunnus albacares( YFT ),280.4,,
Kilwa,2017,August,Sphyraena barracuda( BAQ ),205.62,,
Kilwa,2017,August,Serranidae spp( CEW ),8.26,,
Kilwa,2017,August,Caranx tille( CGX ),5.86,,
Kilwa,2017,August,Changu( CHN ),1.86,,
Kilwa,2017,August,Caesioxaenithonotus spp( CJX ),1.63,,
Kilwa,2017,August,Hyporhamphus spp( HHF ),9.67,,
Kilwa,2017,August,Milea( KOM ),5.08,,
Kilwa,2017,August,Lutjanus spp( LDW ),4.19,,
Kilwa,2017,August,Lethrinus borbonicus( LHB ),368.09,,
Kilwa,2017,August,Lethrinus nebulosus( LHN ),9.15,,
Kilwa,2017,August,Aetobatus ocellatus( MAE ),0.74,,
Kilwa,2017,August,Taa( NYG ),0.29,,
Kilwa,2017,August,Octopus cyanea( OCC ),37.26,,
Kilwa,2017,August,Loligo spp( OJD ),40.3,,
Kilwa,2017,August,Papa( PP ),0.54,,
Kilwa,2017,August,Panulirus spp( PUR ),8.06,,
Kilwa,2017,August,Siganus sp.( SGL ),12.51,,
Kilwa,2017,August,Acanthurus spp( SUR  ),3.81,,
Kilwa,2017,August,Upeneus spp( UPL ),0.16,,
Kilwa,2017,October,Serranidae spp( CEW ),2.11,,
Kilwa,2017,October,Changu( CHN ),3.44,,
Kilwa,2017,October,Vikande( KKN ),4.2,,
Kilwa,2017,October,Milea( KOM ),0.45,,
Kilwa,2017,October,Lutjanus spp( LDW ),6.12,,
Kilwa,2017,October,Lethrinus spp( LH ),800.11,,
Kilwa,2017,October,Lethrinus borbonicus( LHB ),2.96,,
Kilwa,2017,October,Lethrinus harak( LHH ),932.04,,
Kilwa,2017,October,Taa( NYG ),2.29,,
Kilwa,2017,October,Pono( PNW ),0.74,,
Kilwa,2017,October,Panulirus spp( PUR ),0.72,,
Kilwa,2017,October,Maculabatis ambigua( RAJ ),0.9,,
Kilwa,2017,October,Siganus sp.( SGL ),2.37,,
Kilwa,2017,October,Acanthurus spp( SUR  ),1.08,,
Kilwa,2017,October,Carrotomus carolinus( ULG ),1.8,,
Kilwa,2017,October,Upeneus spp( UPL ),2.3,,
Kilwa,2017,October,Acanthocybium solandiri( WAH ),68.85,,
Kilwa,2017,October,Thunnus albacares( YFT ),340.2,,
Kilwa,2017,November,Rachycentron canadum( CBA ),85.05,,
Kilwa,2017,November,Serranidae spp( CEW ),1.59,,
Kilwa,2017,November,Caranx tille( CGX ),3,,
Kilwa,2017,November,Changu( CHN ),431.21,,
Kilwa,2017,November,Dagaa( DGM ),101.63,,
Kilwa,2017,November,Dagaa ( DPP ),"1,050.00",,
Kilwa,2017,November,Anguilliformes( ELE ),0.36,,
Kilwa,2017,November,Gongora( GNG ),24.3,,
Kilwa,2017,November,Scomberomorus guttatus( GUT ),139.73,,
Kilwa,2017,November,Euthynnus affinis( KAW ),0.87,,
Kilwa,2017,November,Mackerel(scomber)( KB ),25.2,,
Kilwa,2017,November,Milea( KOM ),419.14,,
Kilwa,2017,November,Lutjanus spp( LDW ),27.57,,
Kilwa,2017,November,Lethrinus spp( LH ),"2,327.06",,
Kilwa,2017,November,Lethrinus borbonicus( LHB ),19.82,,
Kilwa,2017,November,Lethrinus harak( LHH ),446.48,,
Kilwa,2017,November,Lethrinus nebulosus( LHN ),212.88,,
Kilwa,2017,November,Lethrinus rubrioperculatus( LHR ),8.1,,
Kilwa,2017,November,Aetobatus ocellatus( MAE ),80.91,,
Kilwa,2017,November,Tuna( NGR ),0.68,,
Kilwa,2017,November,Taa( NYG ),175.5,,
Kilwa,2017,November,Octopus cyanea( OCC ),7.11,,
Kilwa,2017,November,Loligo spp( OJD ),663.3,,
Kilwa,2017,November,Pituwi( PTW ),39.96,,
Kilwa,2017,November,Panulirus spp( PUR ),4.26,,
Kilwa,2017,November,Maculabatis ambigua( RAJ ),0.75,,
Kilwa,2017,November,Siganus sp.( SGL ),365.33,,
Kilwa,2017,November,Upeneus spp( UPL ),1.32,,
Kilwa,2017,November,Thunnus albacares( YFT ),310.23,,
Kilwa,2017,November,Sphyraena spp( YRB ),30,,
Kilwa,2017,December,Serranidae spp( CEW ),17.02,,
Kilwa,2017,December,Caranx tille( CGX ),3.72,,
Kilwa,2017,December,Sardine( DA ),781.2,,
Kilwa,2017,December,Dagaa ( DPP ),"3,255.00",,
Kilwa,2017,December,Anguilliformes( ELE ),0.37,,
Kilwa,2017,December,Gongora( GNG ),2.23,,
Kilwa,2017,December,Scomberomorus guttatus( GUT ),51.99,,
Kilwa,2017,December,Hyporhamphus spp( HHF ),151.9,,
Kilwa,2017,December,Milea( KOM ),2.42,,
Kilwa,2017,December,Lutjanus spp( LDW ),2.88,,
Kilwa,2017,December,Lethrinus spp( LH ),334.88,,
Kilwa,2017,December,Lethrinus borbonicus( LHB ),232.45,,
Kilwa,2017,December,Lethrinus nebulosus( LHN ),"1,174.49",,
Kilwa,2017,December,Aetobatus ocellatus( MAE ),24.18,,
Kilwa,2017,December,Tuna( NGR ),90.68,,
Kilwa,2017,December,Taa( NYG ),201.5,,
Kilwa,2017,December,Octopus cyanea( OCC ),2.98,,
Kilwa,2017,December,Papa( PP ),133.92,,
Kilwa,2017,December,Siganus sp.( SGL ),16.09,,
Kilwa,2017,December,Upeneus spp( UPL ),3.35,,
Kilwa,2017,December,Acanthocybium solandiri( WAH ),76.17,,
Kilwa,2018,January,Serranidae spp( CEW ),0.16,,
Kilwa,2018,January,Caranx tille( CGX ),218.12,,
Kilwa,2018,January,Changu( CHN ),147.29,,
Kilwa,2018,January,Sardine( DA ),50.84,,
Kilwa,2018,January,Dagaa( DGM ),82.94,,
Kilwa,2018,January,Gymnasarda unicolor( DOT ),0.53,,
Kilwa,2018,January,Gongora( GNG ),137.08,,
Kilwa,2018,January,Hyporhamphus spp( HHF ),6.14,,
Kilwa,2018,January,Other tuna( JDR ),24.57,,
Kilwa,2018,January,Mackerel(scomber)( KB ),2.79,,
Kilwa,2018,January,Milea( KOM ),4.3,,
Kilwa,2018,January,Lethrinus spp( LH ),111.49,,
Kilwa,2018,January,Lethrinus borbonicus( LHB ),359.76,,
Kilwa,2018,January,Lethrinus harak( LHH ),3.31,,
Kilwa,2018,January,Lethrinus nebulosus( LHN ),156.67,,
Kilwa,2018,January,Tuna( NGR ),0.12,,
Kilwa,2018,January,Octopus cyanea( OCC ),25.2,,
Kilwa,2018,January,Pono( PNW ),1.95,,
Kilwa,2018,January,Siganus sp.( SGL ),11.4,,
Kilwa,2018,January,Acanthurus spp( SUR  ),2.06,,
Kilwa,2018,January,Upeneus spp( UPL ),0.3,,
Kilwa,2018,February,Sphyraena barracuda( BAQ ),110.55,,
Kilwa,2018,February,Rachycentron canadum( CBA ),0.9,,
Kilwa,2018,February,Serranidae spp( CEW ),74.94,,
Kilwa,2018,February,Caranx tille( CGX ),2,,
Kilwa,2018,February,Changu( CHN ),112.11,,
Kilwa,2018,February,Sardine( DA ),83.74,,
Kilwa,2018,February,Dagaa( DGM ),26.32,,
Kilwa,2018,February,Anguilliformes( ELE ),3.28,,
Kilwa,2018,February,Gongora( GNG ),301.8,,
Kilwa,2018,February,Kaa( KAA ),2.25,,
Kilwa,2018,February,Vikande( KKN ),2.69,,
Kilwa,2018,February,Thenus orentalis( KMG ),0.48,,
Kilwa,2018,February,Milea( KOM ),6.36,,
Kilwa,2018,February,Lutjanus spp( LDW ),98.64,,
Kilwa,2018,February,Lethrinus spp( LH ),141,,
Kilwa,2018,February,Lethrinus borbonicus( LHB ),175.86,,
Kilwa,2018,February,Lethrinus harak( LHH ),3.74,,
Kilwa,2018,February,Lethrinus nebulosus( LHN ),193.39,,
Kilwa,2018,February,Aetobatus ocellatus( MAE ),8.02,,
Kilwa,2018,February,Tuna( NGR ),189.88,,
Kilwa,2018,February,Netuma thalassina( NTT ),88.44,,
Kilwa,2018,February,Taa( NYG ),18.71,,
Kilwa,2018,February,Octopus cyanea( OCC ),18.45,,
Kilwa,2018,February,Loligo spp( OJD ),600.41,,
Kilwa,2018,February,Pono( PNW ),0.81,,
Kilwa,2018,February,Papa( PP ),20.6,,
Kilwa,2018,February,Panulirus spp( PUR ),3.64,,
Kilwa,2018,February,Maculabatis ambigua( RAJ ),13,,
Kilwa,2018,February,Siganus sp.( SGL ),15.47,,
Kilwa,2018,February,Acanthurus spp( SUR  ),9.57,,
Kilwa,2018,February,Carrotomus carolinus( ULG ),0.36,,
Kilwa,2018,February,Upeneus spp( UPL ),13.46,,
Kilwa,2018,March,Serranidae spp( CEW ),150.14,,
Kilwa,2018,March,Changu( CHN ),169.72,,
Kilwa,2018,March,Dagaa( DGM ),25.58,,
Kilwa,2018,March,Gongora( GNG ),250.66,,
Kilwa,2018,March,Lethrinus spp( LH ),105.53,,
Kilwa,2018,March,Lethrinus borbonicus( LHB ),275.42,,
Kilwa,2018,March,Lethrinus harak( LHH ),7.65,,
Kilwa,2018,March,Lethrinus nebulosus( LHN ),242.18,,
Kilwa,2018,March,Octopus cyanea( OCC ),25.91,,
Kilwa,2018,March,Pono( PNW ),0.75,,
Kilwa,2018,March,Siganus sp.( SGL ),35.44,,
Kilwa,2018,March,Sardine( SRD ),18.6,,
Kilwa,2018,March,Acanthurus spp( SUR  ),7.63,,
Kilwa,2018,March,Terrapon jarbua( TJB ),127.29,,
Kilwa,2018,April,Rachycentron canadum( CBA ),10.8,,
Kilwa,2018,April,Serranidae spp( CEW ),0.05,,
Kilwa,2018,April,Caranx tille( CGX ),132.66,,1
Kilwa,2018,April,Changu( CHN ),0.77,,
Kilwa,2018,April,Sardine( DA ),157.5,,
Kilwa,2018,April,Dagaa( DGM ),127.13,,
Kilwa,2018,April,Dagaa ( DPP ),34.5,,
Kilwa,2018,April,Gongora( GNG ),403.67,,
Kilwa,2018,April,Hyporhamphus spp( HHF ),100.8,,
Kilwa,2018,April,Mackerel(scomber)( KB ),94,,
Kilwa,2018,April,Milea( KOM ),0.1,,
Kilwa,2018,April,Lethrinus spp( LH ),0.74,,
Kilwa,2018,April,Lethrinus borbonicus( LHB ),305.87,,
Kilwa,2018,April,Lethrinus harak( LHH ),29.48,,
Kilwa,2018,April,Lethrinus nebulosus( LHN ),287.07,,
Kilwa,2018,April,Tuna( NGR ),18.9,,
Kilwa,2018,April,Pono( PNW ),0.26,,
Kilwa,2018,April,Siganus sp.( SGL ),35.56,,
Kilwa,2018,April,Acanthurus spp( SUR  ),0.09,,
Kilwa,2018,April,Terrapon jarbua( TJB ),96.65,,
Kilwa,2018,April,Thunnus albacares( YFT ),47.25,,
Kilwa,2018,May,Changu( CHN ),1.99,,
Kilwa,2018,May,Dagaa( DGM ),"1,230.36",,
Kilwa,2018,May,Dagaa ( DPP ),257.69,,
Kilwa,2018,May,Gongora( GNG ),39.17,,
Kilwa,2018,May,Mackerel(scomber)( KB ),275.13,,
Kilwa,2018,May,Milea( KOM ),159.93,,
Kilwa,2018,May,Lutjanus spp( LDW ),68.54,,
Kilwa,2018,May,Lethrinus spp( LH ),178.02,,
Kilwa,2018,May,Lethrinus borbonicus( LHB ),227.1,,
Kilwa,2018,May,Lethrinus harak( LHH ),138.04,,
Kilwa,2018,May,Siganus sp.( SGL ),2.2,,
Kilwa,2018,May,Terrapon jarbua( TJB ),137.08,,
Kilwa,2018,May,Upeneus spp( UPL ),0.32,,
Kilwa,2018,June,Changu( CHN ),2.55,,
Kilwa,2018,June,Milea( KOM ),0.11,,
Kilwa,2018,June,Lethrinus spp( LH ),1.12,,
Kilwa,2018,June,Lethrinus borbonicus( LHB ),228.48,,
Kilwa,2018,June,Lethrinus harak( LHH ),18.51,,
Kilwa,2018,June,Loligo spp( OJD ),0.93,,
Kilwa,2018,June,Siganus sp.( SGL ),15.92,,
Kilwa,2018,June,Sphyraena spp( YRB ),30.24,,
Kilwa,2018,July,Changu( CHN ),433.2,,
Kilwa,2018,July,Octopus cyanea( OCC ),1.2,,
Kilwa,2018,July,Siganus sp.( SGL ),1.12,,
Kilwa,2018,August,Changu( CHN ),426.81,,
Kilwa,2018,August,Lutjanus spp( LDW ),0.56,,
Kilwa,2018,August,Lethrinus spp( LH ),353.49,,
Kilwa,2018,August,Lethrinus borbonicus( LHB ),274.52,,
Kilwa,2018,August,Lethrinus harak( LHH ),8.93,,
Kilwa,2018,August,Gerres spp( MOJ ),548.33,,
Kilwa,2018,August,Siganus sp.( SGL ),1.24,,
Kilwa,2018,September,Changu( CHN ),379.03,,
Kilwa,2018,September,Gongora( GNG ),480.89,,
Kilwa,2018,September,Lethrinus borbonicus( LHB ),270.78,,
Kilwa,2018,September,Siganus sp.( SGL ),17.07,,
Kilwa,2018,October,Caranx tille( CGX ),159.93,,
Kilwa,2018,October,Gongora( GNG ),378.01,,
Kilwa,2018,October,Lethrinus borbonicus( LHB ),371.26,,
Kilwa,2018,October,Lethrinus nebulosus( LHN ),217.05,,
Kilwa,2018,October,Siganus sp.( SGL ),22.88,,
Kilwa,2018,November,Amblygaster sirm( AMS ),112.5,,
Kilwa,2018,November,Rachycentron canadum( CBA ),475.17,,
Kilwa,2018,November,Carcharhinus sorrah( CCQ ),6,,
Kilwa,2018,November,Serranidae spp( CEW ),9.87,,
Kilwa,2018,November,Caranx tille( CGX ),167.82,,
Kilwa,2018,November,Changu( CHN ),210.51,,
Kilwa,2018,November,Dagaa( DGM ),679.68,,
Kilwa,2018,November,Gymnasarda unicolor( DOT ),22.35,,
Kilwa,2018,November,Dussumieria acuta( DSA ),131.14,,
Kilwa,2018,November,Anguilliformes( ELE ),0.12,,
Kilwa,2018,November,Scomberomorus guttatus( GUT ),0.85,,
Kilwa,2018,November,Mackerel(scomber)( KB ),13.8,,
Kilwa,2018,November,Vikande( KKN ),0.26,,
Kilwa,2018,November,Milea( KOM ),91.89,,
Kilwa,2018,November,Lutjanus spp( LDW ),78.81,,
Kilwa,2018,November,Lethrinus spp( LH ),167.95,,
Kilwa,2018,November,Lethrinus borbonicus( LHB ),185.2,,
Kilwa,2018,November,Lethrinus harak( LHH ),52.94,,
Kilwa,2018,November,Lethrinus nebulosus( LHN ),6.17,,
Kilwa,2018,November,Gerres spp( MOJ ),142.84,,
Kilwa,2018,November,Tuna( NGR ),110.55,,
Kilwa,2018,November,Octopus cyanea( OCC ),45.22,,
Kilwa,2018,November,Loligo spp( OJD ),140.56,,
Kilwa,2018,November,Pono( PNW ),10.42,,
Kilwa,2018,November,Papa( PP ),0.17,,
Kilwa,2018,November,Panulirus spp( PUR ),0.34,,
Kilwa,2018,November,Maculabatis ambigua( RAJ ),96.81,,
Kilwa,2018,November,Rhynchobatus sp.( RCD ),4.18,,
Kilwa,2018,November,Istiophorus platypterus( SFA ),0.47,,
Kilwa,2018,November,Siganus sp.( SGL ),26.94,,
Kilwa,2018,November,Spratelloides gracilis( STG ),281.57,,
Kilwa,2018,November,Acanthurus spp( SUR  ),6.4,,
Kilwa,2018,November,Upeneus spp( UPL ),3.51,,
Kilwa,2018,November,Acanthocybium solandiri( WAH ),0.31,,
Kilwa,2018,November,Thunnus albacares( YFT ),5.13,,
Kilwa,2018,December,Sphyraena barracuda( BAQ ),30.42,,
Kilwa,2018,December,Rachycentron canadum( CBA ),0.24,,
Kilwa,2018,December,Serranidae spp( CEW ),72.02,,
Kilwa,2018,December,Caranx tille( CGX ),5.25,,
Kilwa,2018,December,Changu( CHN ),239.2,,
Kilwa,2018,December,Caesioxaenithonotus spp( CJX ),1.59,,
Kilwa,2018,December,Sardine( DA ),69.23,,
Kilwa,2018,December,Dagaa( DGM ),178.49,,
Kilwa,2018,December,Gymnasarda unicolor( DOT ),1.99,,
Kilwa,2018,December,Dussumieria acuta( DSA ),178.25,,
Kilwa,2018,December,Gongora( GNG ),19.58,,
Kilwa,2018,December,Scomberomorus guttatus( GUT ),12.36,,
Kilwa,2018,December,Milea( KOM ),485.6,,
Kilwa,2018,December,Lutjanus spp( LDW ),257.39,,
Kilwa,2018,December,Lethrinus spp( LH ),121.09,,
Kilwa,2018,December,Lethrinus borbonicus( LHB ),155.35,,
Kilwa,2018,December,Lethrinus harak( LHH ),203.45,,
Kilwa,2018,December,Lethrinus nebulosus( LHN ),13.02,,
Kilwa,2018,December,Aetobatus ocellatus( MAE ),7.3,,
Kilwa,2018,December,Gerres spp( MOJ ),4.3,,
Kilwa,2018,December,Tuna( NGR ),39.14,,
Kilwa,2018,December,Caranx spp( NXT ),1.49,,
Kilwa,2018,December,Taa( NYG ),44.91,,
Kilwa,2018,December,Octopus cyanea( OCC ),25.08,,
Kilwa,2018,December,Loligo spp( OJD ),125.47,,
Kilwa,2018,December,Pono( PNW ),40.44,,
Kilwa,2018,December,Panulirus spp( PUR ),0.51,,
Kilwa,2018,December,Maculabatis ambigua( RAJ ),204.81,,
Kilwa,2018,December,Siganus sp.( SGL ),129.99,,
Kilwa,2018,December,Spratelloides gracilis( STG ),212.54,,
Kilwa,2018,December,Acanthurus spp( SUR  ),93.57,,
Kilwa,2018,December,Upeneus spp( UPL ),17.31,,
Kilwa,2018,December,Mackerel(scomber)( VB ),217,,
Kilwa,2018,December,Acanthocybium solandiri( WAH ),0.37,,
Kilwa,2018,December,Sphyraena spp( YRB ),2.13,,
Kilwa,2019,January,Sphyraena barracuda( BAQ ),169.72,,
Kilwa,2019,January,Thunnus obesus( BET ),4.98,,
Kilwa,2019,January,Serranidae spp( CEW ),29.93,,
Kilwa,2019,January,Caranx tille( CGX ),86.97,,
Kilwa,2019,January,Changu( CHN ),153.82,,
Kilwa,2019,January,Gymnasarda unicolor( DOT ),0.52,,
Kilwa,2019,January,Gongora( GNG ),490.29,,
Kilwa,2019,January,Scomberomorus guttatus( GUT ),0.09,,
Kilwa,2019,January,Milea( KOM ),383.26,,
Kilwa,2019,January,Lutjanus spp( LDW ),9.85,,
Kilwa,2019,January,Lethrinus spp( LH ),0.16,,
Kilwa,2019,January,Lethrinus borbonicus( LHB ),294.08,,
Kilwa,2019,January,Lethrinus harak( LHH ),330.37,,
Kilwa,2019,January,Lethrinus nebulosus( LHN ),232.51,,
Kilwa,2019,January,Aetobatus ocellatus( MAE ),13.82,,
Kilwa,2019,January,Gerres spp( MOJ ),308.02,,
Kilwa,2019,January,Octopus cyanea( OCC ),13.51,,
Kilwa,2019,January,Loligo spp( OJD ),189.38,,
Kilwa,2019,January,Pono( PNW ),22.08,,
Kilwa,2019,January,Maculabatis ambigua( RAJ ),16.79,,
Kilwa,2019,January,Siganus sp.( SGL ),178.69,,
Kilwa,2019,January,Carrotomus carolinus( ULG ),0.27,,
Kilwa,2019,January,Upeneus spp( UPL ),7.18,,
Kilwa,2019,February,Thunnus obesus( BET ),61.91,,
Kilwa,2019,February,Serranidae spp( CEW ),107.47,,
Kilwa,2019,February,Caranx tille( CGX ),29.48,,
Kilwa,2019,February,Changu( CHN ),135.39,,
Kilwa,2019,February,Anguilliformes( ELE ),6.23,,
Kilwa,2019,February,Gongora( GNG ),292.83,,
Kilwa,2019,February,Milea( KOM ),212.02,,
Kilwa,2019,February,Lutjanus spp( LDW ),150.03,,
Kilwa,2019,February,Lethrinus spp( LH ),106.84,,
Kilwa,2019,February,Lethrinus borbonicus( LHB ),240.79,,
Kilwa,2019,February,Lethrinus harak( LHH ),96.76,,
Kilwa,2019,February,Lethrinus nebulosus( LHN ),239.86,,
Kilwa,2019,February,Octopus cyanea( OCC ),10.78,,
Kilwa,2019,February,Loligo spp( OJD ),62.15,,
Kilwa,2019,February,Pono( PNW ),2.54,,
Kilwa,2019,February,Maculabatis ambigua( RAJ ),271.22,,
Kilwa,2019,February,Siganus sp.( SGL ),19.51,,
Kilwa,2019,February,Acanthurus spp( SUR  ),0.23,,
Kilwa,2019,February,Upeneus spp( UPL ),3.94,,
Kilwa,2019,March,Serranidae spp( CEW ),149.63,,
Kilwa,2019,March,Caranx tille( CGX ),1.28,,
Kilwa,2019,March,Changu( CHN ),303.86,,
Kilwa,2019,March,Hyporhamphus spp( HHF ),0.74,,
Kilwa,2019,March,Milea( KOM ),0.24,,
Kilwa,2019,March,Lutjanus spp( LDW ),119.47,,
Kilwa,2019,March,Lethrinus borbonicus( LHB ),175.81,,
Kilwa,2019,March,Lethrinus harak( LHH ),304.31,,
Kilwa,2019,March,Gerres spp( MOJ ),48.96,,
Kilwa,2019,March,Taa( NYG ),58.99,,
Kilwa,2019,March,Octopus cyanea( OCC ),9.74,,
Kilwa,2019,March,Pono( PNW ),0.29,,
Kilwa,2019,March,Maculabatis ambigua( RAJ ),14.39,,
Kilwa,2019,March,Siganus sp.( SGL ),49.44,,
Kilwa,2019,March,Acanthurus spp( SUR  ),0.05,,
Kilwa,2019,April,Serranidae spp( CEW ),119.03,,
Kilwa,2019,April,Changu( CHN ),133.87,,
Kilwa,2019,April,Cuttlefish( DM ),110.55,,
Kilwa,2019,April,Anguilliformes( ELE ),47.41,,
Kilwa,2019,April,Gongora( GNG ),"1,486.28",,
Kilwa,2019,April,Vikande( KKN ),0.09,,
Kilwa,2019,April,Milea( KOM ),0.36,,
Kilwa,2019,April,Lutjanus spp( LDW ),169.24,,
Kilwa,2019,April,Lethrinus borbonicus( LHB ),316.28,,
Kilwa,2019,April,Lethrinus harak( LHH ),608.82,,
Kilwa,2019,April,Lethrinus nebulosus( LHN ),210.05,,
Kilwa,2019,April,Gerres spp( MOJ ),265.32,,
Kilwa,2019,April,Octopus cyanea( OCC ),1.71,,
Kilwa,2019,April,Loligo spp( OJD ),44.22,,
Kilwa,2019,April,Pono( PNW ),0.31,,
Kilwa,2019,April,Siganus sp.( SGL ),48.7,,
Kilwa,2019,April,Acanthurus spp( SUR  ),0.17,,
Kilwa,2019,April,Upeneus spp( UPL ),17.41,,
Kilwa,2019,April,Sphyraena spp( YRB ),3.24,,
Kilwa,2019,May,Serranidae spp( CEW ),149.15,,
Kilwa,2019,May,Caranx tille( CGX ),1.12,,
Kilwa,2019,May,Changu( CHN ),100.05,,
Kilwa,2019,May,Dagaa( DGM ),21.7,,
Kilwa,2019,May,Dagaa ( DPP ),18.6,,
Kilwa,2019,May,Anguilliformes( ELE ),117.65,,
Kilwa,2019,May,Gongora( GNG ),129.47,,
Kilwa,2019,May,Mackerel(scomber)( KB ),93.22,,
Kilwa,2019,May,Lutjanus spp( LDW ),0.13,,
Kilwa,2019,May,Lethrinus spp( LH ),3.8,,
Kilwa,2019,May,Lethrinus borbonicus( LHB ),250.64,,
Kilwa,2019,May,Lethrinus harak( LHH ),324.73,,
Kilwa,2019,May,Lethrinus nebulosus( LHN ),285.59,,
Kilwa,2019,May,Gerres spp( MOJ ),75.07,,
Kilwa,2019,May,Loligo spp( OJD ),117.5,,
Kilwa,2019,May,Siganus sp.( SGL ),3.19,,
Kilwa,2019,May,Acanthurus spp( SUR  ),0.4,,
Kilwa,2019,May,Upeneus spp( UPL ),0.32,,
Kilwa,2019,May,Sphyraena spp( YRB ),11.16,,
Kilwa,2019,June,Rachycentron canadum( CBA ),268.48,,
Kilwa,2019,June,Serranidae spp( CEW ),125.47,,
Kilwa,2019,June,Caranx tille( CGX ),191.35,,
Kilwa,2019,June,Changu( CHN ),207.99,,
Kilwa,2019,June,Sardine( DA ),15.15,,
Kilwa,2019,June,Dagaa( DGM ),522.95,,
Kilwa,2019,June,Dagaa ( DPP ),207,,
Kilwa,2019,June,Gongora( GNG ),15.9,,
Kilwa,2019,June,Other tuna( JDR ),13.2,,
Kilwa,2019,June,Scomberomorus plurilineatus( KAK  ),38.65,,
Kilwa,2019,June,Mackerel(scomber)( KB ),162,,
Kilwa,2019,June,Vikande( KKN ),2.46,,
Kilwa,2019,June,P. semisulcatus( KM ),4.5,,
Kilwa,2019,June,Milea( KOM ),4.85,,
Kilwa,2019,June,Lutjanus spp( LDW ),203.41,,
Kilwa,2019,June,Lethrinus spp( LH ),111.83,,
Kilwa,2019,June,Lethrinus borbonicus( LHB ),193.69,,
Kilwa,2019,June,Lethrinus harak( LHH ),217.24,,
Kilwa,2019,June,Lethrinus nebulosus( LHN ),208.47,,
Kilwa,2019,June,Tuna( NGR ),142.24,,
Kilwa,2019,June,Caranx spp( NXT ),416.93,,
Kilwa,2019,June,Taa( NYG ),0.21,,
Kilwa,2019,June,Octopus cyanea( OCC ),6.73,,
Kilwa,2019,June,Loligo spp( OJD ),6.45,,
Kilwa,2019,June,Pono( PNW ),0.07,,
Kilwa,2019,June,Rastrelliger kanagurta( RAG ),108,,
Kilwa,2019,June,Maculabatis ambigua( RAJ ),632.98,,
Kilwa,2019,June,Rastrelliger faughni( RSF ),29.25,,
Kilwa,2019,June,Decapterus russelli( RUS ),63,,
Kilwa,2019,June,Siganus sp.( SGL ),240.85,,
Kilwa,2019,June,Sardine( SRD ),810,,
Kilwa,2019,June,Acanthurus spp( SUR  ),0.83,,
Kilwa,2019,June,Terrapon jarbua( TJB ),22.11,,
Kilwa,2019,June,Carrotomus carolinus( ULG ),0.1,,
Kilwa,2019,June,Upeneus spp( UPL ),2.56,,
Kilwa,2019,July,Rachycentron canadum( CBA ),267.64,,
Kilwa,2019,July,Serranidae spp( CEW ),144.7,,
Kilwa,2019,July,Caranx tille( CGX ),401.31,,
Kilwa,2019,July,Changu( CHN ),184.41,,
Kilwa,2019,July,Dagaa( DGM ),477.4,,
Kilwa,2019,July,Dussumieria acuta( DSA ),130.2,,
Kilwa,2019,July,Anguilliformes( ELE ),7.63,,
Kilwa,2019,July,Auxis thazard( FRI ),594.02,,
Kilwa,2019,July,Scomberomorus plurilineatus( KAK  ),28.37,,
Kilwa,2019,July,Mackerel(scomber)( KB ),151.9,,
Kilwa,2019,July,Milea( KOM ),0.17,,
Kilwa,2019,July,Lutjanus spp( LDW ),169.72,,
Kilwa,2019,July,Lethrinus spp( LH ),27.07,,
Kilwa,2019,July,Lethrinus borbonicus( LHB ),174.52,,
Kilwa,2019,July,Lethrinus harak( LHH ),284.68,,
Kilwa,2019,July,Lethrinus nebulosus( LHN ),107.71,,
Kilwa,2019,July,Lethrinus rubrioperculatus( LHR ),114.24,,
Kilwa,2019,July,Netuma thalassina( NTT ),68.54,,
Kilwa,2019,July,Caranx spp( NXT ),326.39,,
Kilwa,2019,July,Octopus cyanea( OCC ),20.46,,
Kilwa,2019,July,Loligo spp( OJD ),164.68,,
Kilwa,2019,July,Pono( PNW ),0.27,,
Kilwa,2019,July,Rastrelliger kanagurta( RAG ),162.75,,
Kilwa,2019,July,Maculabatis ambigua( RAJ ),1.24,,
Kilwa,2019,July,Rastrelliger faughni( RSF ),68.1,,
Kilwa,2019,July,Siganus sp.( SGL ),134.36,,
Kilwa,2019,July,Spratelloides gracilis( STG ),773.61,,
Kilwa,2019,July,Acanthurus spp( SUR  ),2.09,,
Kilwa,2019,July,Terrapon jarbua( TJB ),228.47,,
Kilwa,2019,July,Carrotomus carolinus( ULG ),5.81,,
Kilwa,2019,July,Upeneus spp( UPL ),3.48,,
Kilwa,2019,August,Rachycentron canadum( CBA ),277.43,,
Kilwa,2019,August,Serranidae spp( CEW ),160.76,,
Kilwa,2019,August,Caranx tille( CGX ),240.07,,
Kilwa,2019,August,Vikande( KKN ),45.69,,
Kilwa,2019,August,Milea( KOM ),0.05,,
Kilwa,2019,August,Lutjanus spp( LDW ),411.25,,
Kilwa,2019,August,Lethrinus spp( LH ),220.03,,
Kilwa,2019,August,Lethrinus borbonicus( LHB ),166.7,,
Kilwa,2019,August,Lethrinus harak( LHH ),470.64,,
Kilwa,2019,August,Lethrinus lentjan( LHL ),0.74,,
Kilwa,2019,August,Lethrinus nebulosus( LHN ),118.14,,
Kilwa,2019,August,Nemipterus japonicus( NMJ ),159.93,,
Kilwa,2019,August,Octopus cyanea( OCC ),19.49,,
Kilwa,2019,August,Loligo spp( OJD ),2.3,,
Kilwa,2019,August,Maculabatis ambigua( RAJ ),17.27,,
Kilwa,2019,August,Rhynchobatus sp.( RCD ),4.66,,
Kilwa,2019,August,Red snapper( RDS ),548.33,,
Kilwa,2019,August,Siganus sp.( SGL ),183,,
Kilwa,2019,August,Scorpaeniformes spp( SRP ),68.54,,
Kilwa,2019,August,Xiphias gladius( SWO ),45.69,,
Kilwa,2019,August,Upeneus spp( UPL ),0.09,,
Kilwa,2019,August,Acanthocybium solandiri( WAH ),68.54,,
Kilwa,2019,September,Serranidae spp( CEW ),0.31,,
Kilwa,2019,September,Caranx tille( CGX ),228.09,,
Kilwa,2019,September,Gongora( GNG ),47.38,,
Kilwa,2019,September,Lethrinus spp( LH ),691.3,,
Kilwa,2019,September,Lethrinus borbonicus( LHB ),173.72,,
Kilwa,2019,September,Lethrinus harak( LHH ),398.65,,
Kilwa,2019,September,Lethrinus nebulosus( LHN ),0.31,,
Kilwa,2019,September,Octopus cyanea( OCC ),10.69,,
Kilwa,2019,September,Pono( PNW ),4.46,,
Kilwa,2019,September,Siganus sp.( SGL ),22.77,,
Mafia,2016,June,Thunnus obesus( BET ),1.08,,
Mafia,2016,June,Serranidae spp( CEW ),452.25,,
Mafia,2016,June,Caranx tille( CGX ),9,,
Mafia,2016,June,Changu( CHN ),301.5,,
Mafia,2016,June,Gongora( GNG ),12.15,,
Mafia,2016,June,Kaa( KAA ),207.9,,
Mafia,2016,June,Lutjanus spp( LDW ),9.9,,
Mafia,2016,June,Lethrinus borbonicus( LHB ),435.02,,
Mafia,2016,June,Lethrinus harak( LHH ),72.05,,
Mafia,2016,June,Octopus cyanea( OCC ),102.11,,
Mafia,2016,June,Loligo spp( OJD ),120.6,,
Mafia,2016,June,Pono( PNW ),5.85,,
Mafia,2016,June,Papa( PP ),1.35,,
Mafia,2016,June,Katsuwonus pelamis( SKJ ),7.56,,
Mafia,2016,June,Upeneus spp( UPL ),9.36,,
Mafia,2016,July,Serranidae spp( CEW ),"1,276.58",,
Mafia,2016,July,Caranx tille( CGX ),284.21,,
Mafia,2016,July,Changu( CHN ),77.89,,
Mafia,2016,July,Gongora( GNG ),367.57,,
Mafia,2016,July,Lutjanus spp( LDW ),9.3,,
Mafia,2016,July,Lethrinus borbonicus( LHB ),266.27,,
Mafia,2016,July,Lethrinus harak( LHH ),167.52,,
Mafia,2016,July,Gerres spp( MOJ ),373.86,,
Mafia,2016,July,Tuna( NGR ),84.35,,
Mafia,2016,July,Netuma thalassina( NTT ),0.47,,
Mafia,2016,July,Octopus cyanea( OCC ),59.11,,
Mafia,2016,July,Loligo spp( OJD ),102.12,,
Mafia,2016,July,Panulirus spp( PUR ),31.92,,
Mafia,2016,July,Maculabatis ambigua( RAJ ),16.93,,
Mafia,2016,July,Siganus sp.( SGL ),66.09,,
Mafia,2016,July,Acanthurus spp( SUR  ),12.09,,
Mafia,2016,July,Carrotomus carolinus( ULG ),6.35,,
Mafia,2016,July,Upeneus spp( UPL ),12.09,,
Mafia,2016,Augast,Sphyraena barracuda( BAQ ),8.37,,
Mafia,2016,Augast,Serranidae spp( CEW ),19.31,,
Mafia,2016,Augast,Caranx tille( CGX ),7.01,,
Mafia,2016,Augast,Changu( CHN ),56.08,,
Mafia,2016,Augast,Anguilliformes( ELE ),41.54,,
Mafia,2016,Augast,Gongora( GNG ),396.37,,
Mafia,2016,Augast,Scomberomorus guttatus( GUT ),2.6,,
Mafia,2016,Augast,Milea( KOM ),49.29,,
Mafia,2016,Augast,Lutjanus spp( LDW ),23.58,,
Mafia,2016,Augast,Lethrinus spp( LH ),0.74,,
Mafia,2016,Augast,Lethrinus borbonicus( LHB ),403.73,,
Mafia,2016,Augast,Lethrinus harak( LHH ),26.11,,
Mafia,2016,Augast,Lethrinus rubrioperculatus( LHR ),311.55,,
Mafia,2016,Augast,Aetobatus ocellatus( MAE ),13.11,,
Mafia,2016,Augast,Gerres spp( MOJ ),502.2,,
Mafia,2016,Augast,Tuna( NGR ),25.27,,
Mafia,2016,Augast,Netuma thalassina( NTT ),6.05,,
Mafia,2016,Augast,Caranx spp( NXT ),3.26,,
Mafia,2016,Augast,Taa( NYG ),5.39,,
Mafia,2016,Augast,Octopus cyanea( OCC ),116.94,,
Mafia,2016,Augast,Loligo spp( OJD ),210.61,,
Mafia,2016,Augast,Pono( PNW ),4.84,,
Mafia,2016,Augast,Panulirus spp( PUR ),27.37,,
Mafia,2016,Augast,Maculabatis ambigua( RAJ ),18.6,,
Mafia,2016,Augast,Siganus sp.( SGL ),142.76,,
Mafia,2016,Augast,Acanthurus spp( SUR  ),3.29,,
Mafia,2016,Augast,Carrotomus carolinus( ULG ),11.69,,
Mafia,2016,Augast,Upeneus spp( UPL ),10.63,,
Mafia,2016,Augast,Sphyraena spp( YRB ),33.48,,
Mafia,2016,September,Sphyraena barracuda( BAQ ),783.9,,
Mafia,2016,September,Serranidae spp( CEW ),31.39,,
Mafia,2016,September,Changu( CHN ),247.05,,
Mafia,2016,September,Gymnasarda unicolor( DOT ),1.35,,
Mafia,2016,September,Gongora( GNG ),753.75,,
Mafia,2016,September,Kaa( KAA ),211.05,,
Mafia,2016,September,Milea( KOM ),1.35,,
Mafia,2016,September,Lutjanus spp( LDW ),120.6,,
Mafia,2016,September,Lethrinus borbonicus( LHB ),276.99,,
Mafia,2016,September,Lethrinus harak( LHH ),120.6,,
Mafia,2016,September,Lethrinus rubrioperculatus( LHR ),301.5,,
Mafia,2016,September,Gerres spp( MOJ ),42.21,,
Mafia,2016,September,Netuma thalassina( NTT ),8.78,,
Mafia,2016,September,Octopus cyanea( OCC ),127.46,,
Mafia,2016,September,Loligo spp( OJD ),176.21,,
Mafia,2016,September,Pono( PNW ),8.19,,
Mafia,2016,September,Papa( PP ),4.05,,
Mafia,2016,September,Panulirus spp( PUR ),12.06,,
Mafia,2016,September,Maculabatis ambigua( RAJ ),10.8,,
Mafia,2016,September,Siganus sp.( SGL ),86.04,,
Mafia,2016,September,Acanthurus spp( SUR  ),8.78,,
Mafia,2016,September,Carrotomus carolinus( ULG ),11.7,,
Mafia,2016,September,Upeneus spp( UPL ),13.26,,
Mafia,2016,September,Sphyraena spp( YRB ),241.2,,
Mafia,2016,October,Serranidae spp( CEW ),641.7,,
Mafia,2016,October,Caranx tille( CGX ),1.67,,
Mafia,2016,October,Gongora( GNG ),882.73,,
Mafia,2016,October,Hyporhamphus spp( HHF ),100.44,,
Mafia,2016,October,Lutjanus spp( LDW ),27.44,,
Mafia,2016,October,Lethrinus borbonicus( LHB ),508.35,,
Mafia,2016,October,Lethrinus harak( LHH ),519.25,,
Mafia,2016,October,Netuma thalassina( NTT ),32.55,,
Mafia,2016,October,Octopus cyanea( OCC ),129.67,,
Mafia,2016,October,Loligo spp( OJD ),205.53,,
Mafia,2016,October,Pono( PNW ),18.54,,
Mafia,2016,October,Panulirus spp( PUR ),19.89,,
Mafia,2016,October,Maculabatis ambigua( RAJ ),15.25,,
Mafia,2016,October,Siganus sp.( SGL ),89.61,,
Mafia,2016,October,Katsuwonus pelamis( SKJ ),3.91,,
Mafia,2016,October,Carrotomus carolinus( ULG ),13.9,,
Mafia,2016,October,Upeneus spp( UPL ),26.6,,
Mafia,2016,November,Changu( CHN ),753.75,,
Mafia,2016,November,Anguilliformes( ELE ),180.9,,
Mafia,2016,November,Gongora( GNG ),904.5,,
Mafia,2016,November,Lutjanus spp( LDW ),7.65,,
Mafia,2016,November,Lethrinus borbonicus( LHB ),592.74,,
Mafia,2016,November,Lethrinus harak( LHH ),24.3,,
Mafia,2016,November,Milea( ML ),963.9,,
Mafia,2016,November,Netuma thalassina( NTT ),4.5,,
Mafia,2016,November,Taa( NYG ),7.02,,
Mafia,2016,November,Octopus cyanea( OCC ),109.36,,
Mafia,2016,November,Loligo spp( OJD ),270.4,,
Mafia,2016,November,Pono( PNW ),9.95,,
Mafia,2016,November,Panulirus spp( PUR ),8.66,,
Mafia,2016,November,Maculabatis ambigua( RAJ ),10.8,,
Mafia,2016,November,Siganus sp.( SGL ),36.18,,
Mafia,2016,November,Acanthurus spp( SUR  ),21.42,,
Mafia,2016,November,Carrotomus carolinus( ULG ),11.7,,
Mafia,2016,November,Upeneus spp( UPL ),17.94,,
Mafia,2016,December,Serranidae spp( CEW ),42.97,,
Mafia,2016,December,Caranx tille( CGX ),2.23,,
Mafia,2016,December,Changu( CHN ),155.78,,
Mafia,2016,December,Lutjanus spp( LDW ),"311,558.18",,
Mafia,2016,December,Lethrinus borbonicus( LHB ),584.87,,
Mafia,2016,December,Lethrinus harak( LHH ),344.1,,
Mafia,2016,December,Aetobatus ocellatus( MAE ),18.6,,
Mafia,2016,December,Octopus cyanea( OCC ),119.09,,
Mafia,2016,December,Loligo spp( OJD ),181.76,,
Mafia,2016,December,Pono( PNW ),9.07,,
Mafia,2016,December,Panulirus spp( PUR ),4.37,,
Mafia,2016,December,Acanthurus spp( SUR  ),21.42,,
Mafia,2016,December,Upeneus spp( UPL ),19.5,,
Mafia,2017,January,Serranidae spp( CEW ),859.32,,
Mafia,2017,January,Changu( CHN ),623.1,,
Mafia,2017,January,Kaa( KAA ),121.42,,
Mafia,2017,January,Lutjanus spp( LDW ),934.65,,
Mafia,2017,January,Lethrinus borbonicus( LHB ),983.52,,
Mafia,2017,January,Lethrinus harak( LHH ),218.09,,
Mafia,2017,January,Lethrinus nebulosus( LHN ),10.23,,
Mafia,2017,January,Aetobatus ocellatus( MAE ),50.22,,
Mafia,2017,January,Octopus cyanea( OCC ),124.54,,
Mafia,2017,January,Loligo spp( OJD ),140.2,,
Mafia,2017,January,Panulirus spp( PUR ),4.37,,
Mafia,2017,February,Kaa( KAA ),3.95,,
Mafia,2017,February,Lethrinus borbonicus( LHB ),232.16,,
Mafia,2017,February,Lethrinus harak( LHH ),"1,969.80",,
Mafia,2017,February,Octopus cyanea( OCC ),654.7,,
Mafia,2017,March,Anguilliformes( ELE ),6.05,,
Mafia,2017,March,Gongora( GNG ),62.78,,
Mafia,2017,March,Lutjanus spp( LDW ),581.56,,
Mafia,2017,March,Lethrinus borbonicus( LHB ),623.1,,
Mafia,2017,March,Octopus cyanea( OCC ),139.19,,
Mafia,2017,March,Loligo spp( OJD ),576.37,,
Mafia,2017,March,Panulirus spp( PUR ),4.37,,
Mafia,2017,March,Upeneus spp( UPL ),24.18,,
Mafia,2017,April,Thunnus obesus( BET ),14.76,,
Mafia,2017,April,Serranidae spp( CEW ),"3,211.23",,
Mafia,2017,April,Caranx tille( CGX ),0.6,,
Mafia,2017,April,Changu( CHN ),611.97,,
Mafia,2017,April,Gymnasarda unicolor( DOT ),4.92,,
Mafia,2017,April,Gongora( GNG ),711.9,,
Mafia,2017,April,Milea( KOM ),562.8,,
Mafia,2017,April,Vipepeo( KPP ),0.96,,
Mafia,2017,April,Lutjanus spp( LDW ),522.6,,
Mafia,2017,April,Lethrinus spp( LH ),90.45,,
Mafia,2017,April,Lethrinus borbonicus( LHB ),377.36,,
Mafia,2017,April,Lethrinus harak( LHH ),115.29,,
Mafia,2017,April,Lethrinus nebulosus( LHN ),311.55,,
Mafia,2017,April,Chanoschanos spp( MIL ),14.88,,
Mafia,2017,April,Gerres spp( MOJ ),120.6,,
Mafia,2017,April,Octopus cyanea( OCC ),69.94,,
Mafia,2017,April,Loligo spp( OJD ),167.59,,
Mafia,2017,April,Pono( PNW ),14.04,,
Mafia,2017,April,Panulirus spp( PUR ),4.23,,
Mafia,2017,April,Maculabatis ambigua( RAJ ),20.25,,
Mafia,2017,April,Acanthurus spp( SUR  ),11.64,,
Mafia,2017,April,Carrotomus carolinus( ULG ),7.8,,
Mafia,2017,April,Upeneus spp( UPL ),21.53,,
Mafia,2017,May,Caranx tille( CGX ),20.46,,
Mafia,2017,May,Chaetodon ssp( CHM ),4.84,,
Mafia,2017,May,Kaa( KAA ),4.37,,
Mafia,2017,May,Euthynnus affinis( KAW ),11.16,,
Mafia,2017,May,Lethrinus borbonicus( LHB ),398.44,,
Mafia,2017,May,Lethrinus nebulosus( LHN ),86.8,,
Mafia,2017,May,Gerres spp( MOJ ),114.24,,
Mafia,2017,May,Tuna( NGR ),20.77,,
Mafia,2017,May,Taa( NYG ),25.39,,
Mafia,2017,May,Octopus cyanea( OCC ),95.61,,
Mafia,2017,May,Loligo spp( OJD ),219.08,,
Mafia,2017,May,Panulirus spp( PUR ),17.24,,
Mafia,2017,May,Maculabatis ambigua( RAJ ),11.16,,
Mafia,2017,May,Acanthurus spp( SUR  ),13.6,,
Mafia,2017,May,Manta alfredi( TNG ),24.18,,
Mafia,2017,May,Carrotomus carolinus( ULG ),6.05,,
Mafia,2017,May,Upeneus spp( UPL ),11.8,,
Mafia,2017,June,Serranidae spp( CEW ),26.97,,
Mafia,2017,June,Caranx tille( CGX ),22.14,,
Mafia,2017,June,Chaetodon ssp( CHM ),5.85,,
Mafia,2017,June,Changu( CHN ),613.92,,
Mafia,2017,June,Anguilliformes( ELE ),11.61,,
Mafia,2017,June,Gongora( GNG ),516.57,,
Mafia,2017,June,Kaa( KAA ),5.64,,
Mafia,2017,June,Vikande( KKN ),3.51,,
Mafia,2017,June,Milea( KOM ),7.68,,
Mafia,2017,June,Lutjanus spp( LDW ),375.17,,
Mafia,2017,June,Lethrinus spp( LH ),207.7,,
Mafia,2017,June,Lethrinus borbonicus( LHB ),455.93,,
Mafia,2017,June,Lethrinus harak( LHH ),130.65,,
Mafia,2017,June,Lethrinus rubrioperculatus( LHR ),135.68,,
Mafia,2017,June,Gerres spp( MOJ ),120.6,,
Mafia,2017,June,Tuna( NGR ),11.52,,
Mafia,2017,June,Taa( NYG ),9.36,,
Mafia,2017,June,Octopus cyanea( OCC ),86.48,,
Mafia,2017,June,Loligo spp( OJD ),194.18,,
Mafia,2017,June,Pono( PNW ),0.6,,
Mafia,2017,June,Panulirus spp( PUR ),33.71,,
Mafia,2017,June,Maculabatis ambigua( RAJ ),14.18,,
Mafia,2017,June,Siganus sp.( SGL ),23.4,,
Mafia,2017,June,Acanthurus spp( SUR  ),18.84,,
Mafia,2017,June,Carrotomus carolinus( ULG ),29.54,,
Mafia,2017,June,Upeneus spp( UPL ),21.06,,
Mafia,2017,July,Serranidae spp( CEW ),13.45,,
Mafia,2017,July,Caranx tille( CGX ),490.61,,
Mafia,2017,July,Changu( CHN ),340.16,,
Mafia,2017,July,Gymnasarda unicolor( DOT ),7.44,,
Mafia,2017,July,Anguilliformes( ELE ),7.63,,
Mafia,2017,July,Gongora( GNG ),479.79,,
Mafia,2017,July,Kaa( KAA ),12.38,,
Mafia,2017,July,Vikande( KKN ),0.47,,
Mafia,2017,July,Lutjanus spp( LDW ),677.21,,
Mafia,2017,July,Lethrinus borbonicus( LHB ),404.45,,
Mafia,2017,July,Lethrinus harak( LHH ),296.13,,
Mafia,2017,July,Lethrinus lentjan( LHL ),36.27,,
Mafia,2017,July,Lethrinus nebulosus( LHN ),124.62,,
Mafia,2017,July,Milea( ML ),130.85,,
Mafia,2017,July,Gerres spp( MOJ ),84.41,,
Mafia,2017,July,Tuna( NGR ),9.49,,
Mafia,2017,July,Caranx spp( NXT ),405.02,,
Mafia,2017,July,Taa( NYG ),4.84,,
Mafia,2017,July,Octopus cyanea( OCC ),43.68,,
Mafia,2017,July,Loligo spp( OJD ),203.55,,
Mafia,2017,July,Maculabatis ambigua( RAJ ),8.53,,
Mafia,2017,July,Istiophorus platypterus( SFA ),996.96,,
Mafia,2017,July,Siganus sp.( SGL ),9.67,,
Mafia,2017,July,Acanthurus spp( SUR  ),35.55,,
Mafia,2017,July,Manta alfredi( TNG ),0.28,,
Mafia,2017,July,Carrotomus carolinus( ULG ),26.6,,
Mafia,2017,July,Upeneus spp( UPL ),13.65,,
Mafia,2017,Augast,Serranidae spp( CEW ),460.5,,
Mafia,2017,Augast,Caranx tille( CGX ),"1,825.84",,
Mafia,2017,Augast,Chaetodon ssp( CHM ),2.42,,
Mafia,2017,Augast,Changu( CHN ),480.35,,
Mafia,2017,Augast,Cuttlefish( DM ),6.51,,
Mafia,2017,Augast,Gongora( GNG ),311.55,,
Mafia,2017,Augast,Milea( KOM ),6.6,,
Mafia,2017,Augast,Lutjanus spp( LDW ),584.74,,
Mafia,2017,Augast,Lethrinus borbonicus( LHB ),398.43,,
Mafia,2017,Augast,Lethrinus harak( LHH ),15.72,,
Mafia,2017,Augast,Lethrinus rubrioperculatus( LHR ),40.92,,
Mafia,2017,Augast,Aetobatus ocellatus( MAE ),3.35,,
Mafia,2017,Augast,Milea( ML ),4.84,,
Mafia,2017,Augast,Gerres spp( MOJ ),467.33,,
Mafia,2017,Augast,Tuna( NGR ),1.86,,
Mafia,2017,Augast,Netuma thalassina( NTT ),118.2,,
Mafia,2017,Augast,Taa( NYG ),1.02,,
Mafia,2017,Augast,Octopus cyanea( OCC ),82.58,,
Mafia,2017,Augast,Pono( PNW ),16.12,,
Mafia,2017,Augast,Papa( PP ),9.3,,
Mafia,2017,Augast,Panulirus spp( PUR ),18.69,,
Mafia,2017,Augast,Maculabatis ambigua( RAJ ),9.67,,
Mafia,2017,Augast,Siganus sp.( SGL ),18.14,,
Mafia,2017,Augast,Acanthurus spp( SUR  ),12.73,,
Mafia,2017,Augast,Carrotomus carolinus( ULG ),0.62,,
Mafia,2017,Augast,Upeneus spp( UPL ),13.63,,
Mafia,2017,September,Serranidae spp( CEW ),206.63,,
Mafia,2017,September,Caranx tille( CGX ),610.2,,
Mafia,2017,September,Changu( CHN ),179.64,,
Mafia,2017,September,Cuttlefish( DM ),81.25,,
Mafia,2017,September,Gongora( GNG ),321.38,,
Mafia,2017,September,Milea( KOM ),172.86,,
Mafia,2017,September,Lutjanus spp( LDW ),149.08,,
Mafia,2017,September,Lethrinus borbonicus( LHB ),192.94,,
Mafia,2017,September,Lethrinus harak( LHH ),236.2,,
Mafia,2017,September,Lethrinus nebulosus( LHN ),145.73,,
Mafia,2017,September,Lethrinus rubrioperculatus( LHR ),150.75,,
Mafia,2017,September,Gerres spp( MOJ ),6.93,,
Mafia,2017,September,Tuna( NGR ),70.35,,
Mafia,2017,September,Netuma thalassina( NTT ),199.34,,
Mafia,2017,September,Caranx spp( NXT ),241.2,,
Mafia,2017,September,Octopus cyanea( OCC ),124.89,,
Mafia,2017,September,Loligo spp( OJD ),196.95,,
Mafia,2017,September,Maculabatis ambigua( RAJ ),8.28,,
Mafia,2017,September,Acanthurus spp( SUR  ),6.09,,
Mafia,2017,September,Carrotomus carolinus( ULG ),11.52,,
Mafia,2017,September,Upeneus spp( UPL ),10.26,,
Mafia,2017,October,Serranidae spp( CEW ),195.96,,
Mafia,2017,October,Caranx tille( CGX ),481.09,,
Mafia,2017,October,Changu( CHN ),"1,189.78",,
Mafia,2017,October,Cuttlefish( DM ),62.31,,
Mafia,2017,October,Gymnasarda unicolor( DOT ),27.28,,
Mafia,2017,October,Gongora( GNG ),365.21,,
Mafia,2017,October,Vikande( KKN ),0.37,,
Mafia,2017,October,Milea( KOM ),137.89,,
Mafia,2017,October,Lutjanus spp( LDW ),201.85,,
Mafia,2017,October,Lethrinus spp( LH ),1.58,,
Mafia,2017,October,Lethrinus borbonicus( LHB ),416.84,,
Mafia,2017,October,Lethrinus harak( LHH ),186.28,,
Mafia,2017,October,Lethrinus lentjan( LHL ),24.8,,
Mafia,2017,October,Lethrinus nebulosus( LHN ),218.09,,
Mafia,2017,October,Lethrinus rubrioperculatus( LHR ),186.93,,
Mafia,2017,October,Aetobatus ocellatus( MAE ),9.3,,
Mafia,2017,October,Gerres spp( MOJ ),193.07,,
Mafia,2017,October,Tuna( NGR ),47.99,,
Mafia,2017,October,Netuma thalassina( NTT ),259.63,,
Mafia,2017,October,Octopus cyanea( OCC ),85.94,,
Mafia,2017,October,Loligo spp( OJD ),288.25,,
Mafia,2017,October,Pono( PNW ),8.06,,
Mafia,2017,October,Papa( PP ),9.3,,
Mafia,2017,October,Panulirus spp( PUR ),18.69,,
Mafia,2017,October,Siganus sp.( SGL ),14.51,,
Mafia,2017,October,Acanthurus spp( SUR  ),14.29,,
Mafia,2017,October,Carrotomus carolinus( ULG ),32.18,,
Mafia,2017,October,Upeneus spp( UPL ),30.23,,
Mafia,2017,November,Serranidae spp( CEW ),351.84,,
Mafia,2017,November,Chaetodon ssp( CHM ),3.51,,
Mafia,2017,November,Changu( CHN ),1.2,,
Mafia,2017,November,Gymnasarda unicolor( DOT ),18,,
Mafia,2017,November,Gongora( GNG ),97.2,,
Mafia,2017,November,Milea( KOM ),4.32,,
Mafia,2017,November,Lutjanus spp( LDW ),391.95,,
Mafia,2017,November,Lethrinus borbonicus( LHB ),"6,993.47",,
Mafia,2017,November,Lethrinus harak( LHH ),281.4,,
Mafia,2017,November,Aetobatus ocellatus( MAE ),7.2,,
Mafia,2017,November,Gerres spp( MOJ ),100.5,,
Mafia,2017,November,Tuna( NGR ),3.6,,
Mafia,2017,November,Octopus cyanea( OCC ),10.29,,
Mafia,2017,November,Loligo spp( OJD ),473.4,,
Mafia,2017,November,Papa( PP ),84.6,,
Mafia,2017,November,Maculabatis ambigua( RAJ ),9.72,,
Mafia,2017,November,Acanthurus spp( SUR  ),21.78,,
Mafia,2017,November,Manta alfredi( TNG ),8.28,,
Mafia,2017,November,Carrotomus carolinus( ULG ),5.85,,
Mafia,2017,November,Upeneus spp( UPL ),14.54,,
Mafia,2017,December,Serranidae spp( CEW ),501.89,,
Mafia,2017,December,Caranx tille( CGX ),6.2,,
Mafia,2017,December,Gongora( GNG ),654.26,,
Mafia,2017,December,Lethrinus spp( LH ),934.65,,
Mafia,2017,December,Lethrinus borbonicus( LHB ),514.95,,
Mafia,2017,December,Gerres spp( MOJ ),155.78,,
Mafia,2017,December,Octopus cyanea( OCC ),151.75,,
Mafia,2017,December,Loligo spp( OJD ),778.88,,
Mafia,2017,December,Acanthurus spp( SUR  ),30.57,,
Mafia,2017,December,Upeneus spp( UPL ),12.09,,
Mafia,2018,January,Serranidae spp( CEW ),30.59,,
Mafia,2018,January,Caranx tille( CGX ),1.54,,
Mafia,2018,January,Changu( CHN ),112.1,,
Mafia,2018,January,Cuttlefish( DM ),8.9,,
Mafia,2018,January,Gymnasarda unicolor( DOT ),4.96,,
Mafia,2018,January,Anguilliformes( ELE ),0.05,,
Mafia,2018,January,Gongora( GNG ),11.96,,
Mafia,2018,January,Vikande( KKN ),0.87,,
Mafia,2018,January,Panulirus ornatus( KMM ),2.73,,
Mafia,2018,January,Milea( KOM ),15.37,,
Mafia,2018,January,Lutjanus spp( LDW ),71.41,,
Mafia,2018,January,Lethrinus borbonicus( LHB ),67.86,,
Mafia,2018,January,Lethrinus harak( LHH ),17.8,,
Mafia,2018,January,Chanoschanos spp( MIL ),1.33,,
Mafia,2018,January,Gerres spp( MOJ ),29.82,,
Mafia,2018,January,Netuma thalassina( NTT ),47.12,,
Mafia,2018,January,Taa( NYG ),1.26,,
Mafia,2018,January,Octopus cyanea( OCC ),15.3,,
Mafia,2018,January,Loligo spp( OJD ),40.35,,
Mafia,2018,January,Papa( PP ),1.33,,
Mafia,2018,January,Panulirus spp( PUR ),13,,
Mafia,2018,January,Maculabatis ambigua( RAJ ),1,,
Mafia,2018,January,Acanthurus spp( SUR  ),3.62,,
Mafia,2018,January,Carrotomus carolinus( ULG ),1.51,,
Mafia,2018,January,Upeneus spp( UPL ),3.05,,
Mafia,2018,February,Serranidae spp( CEW ),0.31,,
Mafia,2018,February,Vikande( KKN ),0.31,,
Mafia,2018,February,Octopus cyanea( OCC ),9.53,,
Mafia,2018,February,Pono( PNW ),0.24,,
Mafia,2018,February,Acanthurus spp( SUR  ),2.55,,
Mafia,2018,February,Carrotomus carolinus( ULG ),0.2,,
Mafia,2018,April,Serranidae spp( CEW ),2.06,,
Mafia,2018,April,Milea( KOM ),0.23,,
Mafia,2018,April,Lethrinus borbonicus( LHB ),3.77,,
Mafia,2018,April,Lethrinus harak( LHH ),0.51,,
Mafia,2018,April,Tuna( NGR ),1.71,,
Mafia,2018,April,Octopus cyanea( OCC ),16.27,,
Mafia,2018,April,Loligo spp( OJD ),90.17,,
Mafia,2018,April,Maculabatis ambigua( RAJ ),1.71,,
Mafia,2018,April,Siganus sp.( SGL ),0.06,,
Mafia,2018,April,Acanthurus spp( SUR  ),2.44,,
Mafia,2018,April,Carrotomus carolinus( ULG ),0.07,,
Mafia,2018,April,Upeneus spp( UPL ),1.67,,
Mafia,2018,May,Gongora( GNG ),17.8,,
Mafia,2018,May,Vikande( KKN ),0.58,,
Mafia,2018,May,Lethrinus spp( LH ),0.4,,
Mafia,2018,May,Lethrinus borbonicus( LHB ),17.8,,
Mafia,2018,May,Octopus cyanea( OCC ),13.54,,
Mafia,2018,May,Loligo spp( OJD ),17.8,,
Mafia,2018,May,Pono( PNW ),4.03,,
Mafia,2018,May,Upeneus spp( UPL ),4.03,,
Mafia,2018,June,Changu( CHN ),86.14,,
Mafia,2018,June,Gongora( GNG ),91.89,,
Mafia,2018,June,Lutjanus spp( LDW ),3.77,,
Mafia,2018,June,Lethrinus borbonicus( LHB ),86.14,,
Mafia,2018,June,Gerres spp( MOJ ),21.54,,
Mafia,2018,June,Octopus cyanea( OCC ),14.63,,
Mafia,2018,June,Loligo spp( OJD ),35.89,,
Mafia,2018,June,Acanthurus spp( SUR  ),2.23,,
Mafia,2018,June,Terrapon jarbua( TJB ),79.68,,
Mafia,2018,June,Carrotomus carolinus( ULG ),1.65,,
Mafia,2018,June,Upeneus spp( UPL ),0.26,,
Mafia,2018,October,Serranidae spp( CEW ),60.91,,
Mafia,2018,October,Caranx tille( CGX ),13.35,,
Mafia,2018,October,Vikande( KKN ),1.38,,
Mafia,2018,October,Lethrinus borbonicus( LHB ),31.11,,
Mafia,2018,October,Aetobatus ocellatus( MAE ),2.04,,
Mafia,2018,October,Gerres spp( MOJ ),17.8,,
Mafia,2018,October,Octopus cyanea( OCC ),9.14,,
Mafia,2018,October,Loligo spp( OJD ),17.05,,
Mafia,2018,October,Acanthurus spp( SUR  ),0.85,,
Mafia,2018,November,Serranidae spp( CEW ),60.91,,
Mafia,2018,November,Caranx tille( CGX ),13.35,,
Mafia,2018,November,Vikande( KKN ),1.38,,
Mafia,2018,November,Lethrinus borbonicus( LHB ),31.11,,
Mafia,2018,November,Aetobatus ocellatus( MAE ),2.04,,
Mafia,2018,November,Gerres spp( MOJ ),17.8,,
Mafia,2018,November,Octopus cyanea( OCC ),9.14,,
Mafia,2018,November,Loligo spp( OJD ),17.05,,
Mafia,2018,November,Acanthurus spp( SUR  ),0.85,,
Mafia,2018,december,Serranidae spp( CEW ),16.95,,
Mafia,2018,december,Caranx tille( CGX ),74.18,,
Mafia,2018,december,Changu( CHN ),43.62,,
Mafia,2018,december,Cuttlefish( DM ),47.77,,
Mafia,2018,december,Milea( KOM ),2.23,,
Mafia,2018,december,Lutjanus spp( LDW ),16.77,,
Mafia,2018,december,Lethrinus spp( LH ),14.84,,
Mafia,2018,december,Lethrinus borbonicus( LHB ),25.21,,
Mafia,2018,december,Aetobatus ocellatus( MAE ),17.71,,
Mafia,2018,december,Tuna( NGR ),33.44,,
Mafia,2018,december,Netuma thalassina( NTT ),1.95,,
Mafia,2018,december,Octopus cyanea( OCC ),26.81,,
Mafia,2018,december,Loligo spp( OJD ),50.94,,
Mafia,2018,december,Pono( PNW ),2.71,,
Mafia,2018,december,Panulirus spp( PUR ),1.31,,
Mafia,2018,december,Maculabatis ambigua( RAJ ),0.62,,
Mafia,2018,december,Siganus sp.( SGL ),0.23,,
Mafia,2018,december,Acanthurus spp( SUR  ),2.3,,
Mafia,2018,december,Carrotomus carolinus( ULG ),0.86,,
Mafia,2018,december,Upeneus spp( UPL ),3.45,,
Mafia,2019,January,Carcharhinus albimarginatus( ALS ),0.88,,
Mafia,2019,January,Rachycentron canadum( CBA ),1.55,,
Mafia,2019,January,Serranidae spp( CEW ),1.9,,
Mafia,2019,January,Caranx tille( CGX ),20.9,,
Mafia,2019,January,Changu( CHN ),49.24,,
Mafia,2019,January,Lutjanus spp( LDW ),19.04,,
Mafia,2019,January,Lethrinus spp( LH ),20.77,,
Mafia,2019,January,Lethrinus borbonicus( LHB ),39.07,,
Mafia,2019,January,Lethrinus harak( LHH ),31.16,,
Mafia,2019,January,Lethrinus nebulosus( LHN ),38.08,,
Mafia,2019,January,Mastacembelus spp.( MR ),0.34,,
Mafia,2019,January,Netuma thalassina( NTT ),0.66,,
Mafia,2019,January,Octopus cyanea( OCC ),38.71,,
Mafia,2019,January,Loligo spp( OJD ),31.75,,
Mafia,2019,January,Pono( PNW ),29.67,,
Mafia,2019,January,Siganus sp.( SGL ),10.68,,
Mafia,2019,January,Carrotomus carolinus( ULG ),0.69,,
Mafia,2019,February,Caranx tille( CGX ),0.72,,
Mafia,2019,February,Changu( CHN ),44.44,,
Mafia,2019,February,Cuttlefish( DM ),24.12,,
Mafia,2019,February,Gongora( GNG ),34.8,,
Mafia,2019,February,Lethrinus borbonicus( LHB ),97.19,,
Mafia,2019,February,Gerres spp( MOJ ),21.44,,
Mafia,2019,February,Netuma thalassina( NTT ),28,,
Mafia,2019,February,Taa( NYG ),1.72,,
Mafia,2019,February,Octopus cyanea( OCC ),22.18,,
Mafia,2019,February,Loligo spp( OJD ),37.26,,
Mafia,2019,February,Pono( PNW ),10.92,,
Mafia,2019,February,Panulirus spp( PUR ),3.7,,
Mafia,2019,February,Maculabatis ambigua( RAJ ),8,,
Mafia,2019,February,Acanthurus spp( SUR  ),2.44,,
Mafia,2019,February,Carrotomus carolinus( ULG ),0.26,,
Mafia,2019,February,Upeneus spp( UPL ),2.25,,
Mafia,2019,March,Serranidae spp( CEW ),8.61,,
Mafia,2019,March,Caranx tille( CGX ),0.35,,
Mafia,2019,March,Changu( CHN ),56.38,,
Mafia,2019,March,Cuttlefish( DM ),44.51,,
Mafia,2019,March,Gymnasarda unicolor( DOT ),1.33,,
Mafia,2019,March,Gongora( GNG ),40.04,,
Mafia,2019,March,Panulirus ornatus( KMM ),1.71,,
Mafia,2019,March,Milea( KOM ),0.09,,
Mafia,2019,March,Lutjanus spp( LDW ),73.49,,
Mafia,2019,March,Lethrinus borbonicus( LHB ),102.57,,
Mafia,2019,March,Lethrinus harak( LHH ),35.52,,
Mafia,2019,March,Milea( ML ),10.63,,
Mafia,2019,March,Gerres spp( MOJ ),36.04,,
Mafia,2019,March,Octopus cyanea( OCC ),21.62,,
Mafia,2019,March,Loligo spp( OJD ),41.96,,
Mafia,2019,March,Papa( PP ),0.8,,
Mafia,2019,March,Siganus sp.( SGL ),59.34,,
Mafia,2019,March,Acanthurus spp( SUR  ),2.67,,
Mafia,2019,March,Carrotomus carolinus( ULG ),0.19,,
Mafia,2019,March,Upeneus spp( UPL ),1.45,,
Mafia,2019,April,Serranidae spp( CEW ),0.58,,
Mafia,2019,April,Gongora( GNG ),145.27,,
Mafia,2019,April,Lutjanus spp( LDW ),1.41,,
Mafia,2019,April,Lethrinus borbonicus( LHB ),86.14,,
Mafia,2019,April,Lethrinus harak( LHH ),64.61,,
Mafia,2019,April,Aetobatus ocellatus( MAE ),2.31,,
Mafia,2019,April,Octopus cyanea( OCC ),43.67,,
Mafia,2019,April,Loligo spp( OJD ),60.3,,
Mafia,2019,May,Serranidae spp( CEW ),6.63,,
Mafia,2019,May,Changu( CHN ),173.58,,
Mafia,2019,May,Cuttlefish( DM ),40.8,,
Mafia,2019,May,Lethrinus borbonicus( LHB ),4.51,,
Mafia,2019,May,Lethrinus rubrioperculatus( LHR ),89.01,,
Mafia,2019,May,Gerres spp( MOJ ),1.95,,
Mafia,2019,May,Caranx spp( NXT ),1.33,,
Mafia,2019,May,Octopus cyanea( OCC ),6.56,,
Mafia,2019,May,Loligo spp( OJD ),29.67,,
Mafia,2019,May,Acanthurus spp( SUR  ),4.75,,
Mafia,2019,May,Carrotomus carolinus( ULG ),2.94,,
Mafia,2019,May,Upeneus spp( UPL ),4.61,,
Mafia,2019,June,Serranidae spp( CEW ),50.12,,
Mafia,2019,June,Caranx tille( CGX ),43.07,,
Mafia,2019,June,Changu( CHN ),114.86,,
Mafia,2019,June,Scomberomorus commerson( COM ),40.2,,
Mafia,2019,June,Cuttlefish( DM ),57.43,,
Mafia,2019,June,Gongora( GNG ),53.84,,
Mafia,2019,June,Kaa( KAA ),0.28,,
Mafia,2019,June,Lutjanus spp( LDW ),17.95,,
Mafia,2019,June,Lethrinus spp( LH ),3.34,,
Mafia,2019,June,Lethrinus borbonicus( LHB ),79.49,,
Mafia,2019,June,Lethrinus harak( LHH ),144.6,,
Mafia,2019,June,Lethrinus nebulosus( LHN ),45.94,,
Mafia,2019,June,Tuna( NGR ),1.71,,
Mafia,2019,June,Octopus cyanea( OCC ),13.33,,
Mafia,2019,June,Loligo spp( OJD ),57.43,,
Mafia,2019,June,Panulirus spp( PUR ),0.1,,
Mafia,2019,June,Acanthurus spp( SUR  ),4.89,,
Mafia,2019,June,Upeneus spp( UPL ),0.84,,
Mafia,2019,July,Serranidae spp( CEW ),114.36,,
Mafia,2019,July,Caranx tille( CGX ),105.87,,
Mafia,2019,July,Changu( CHN ),81.44,,
Mafia,2019,July,Cuttlefish( DM ),41.54,,
Mafia,2019,July,Gongora( GNG ),51.43,,
Mafia,2019,July,Scomberomorus guttatus( GUT ),160.23,,
Mafia,2019,July,Gayogayo( GYG ),0.89,,
Mafia,2019,July,Scomberomorus plurilineatus( KAK  ),3.19,,
Mafia,2019,July,Panulirus ornatus( KMM ),0.62,,
Mafia,2019,July,Lutjanus spp( LDW ),32.11,,
Mafia,2019,July,Lethrinus spp( LH ),159.95,,
Mafia,2019,July,Lethrinus borbonicus( LHB ),76.49,,
Mafia,2019,July,Lethrinus harak( LHH ),63.79,,
Mafia,2019,July,Lethrinus nebulosus( LHN ),31.16,,
Mafia,2019,July,Lutjanus ssp( LTJ ),133.52,,
Mafia,2019,July,Gerres spp( MOJ ),79.74,,
Mafia,2019,July,Tuna( NGR ),1.59,,
Mafia,2019,July,Caranx spp( NXT ),0.87,,
Mafia,2019,July,Octopus cyanea( OCC ),18.02,,
Mafia,2019,July,Loligo spp( OJD ),47.67,,
Mafia,2019,July,Papa mavongoroa( PMV ),3.54,,
Mafia,2019,July,Pono( PNW ),9.59,,
Mafia,2019,July,Taa kiririmawe( PTN ),1.24,,
Mafia,2019,July,Panulirus spp( PUR ),0.51,,
Mafia,2019,July,Siganus sp.( SGL ),37.31,,
Mafia,2019,July,Scorpaeniformes spp( SRP ),4.32,,
Mafia,2019,July,Acanthurus spp( SUR  ),3.21,,
Mafia,2019,July,Carrotomus carolinus( ULG ),2.44,,
Mafia,2019,July,Upeneus spp( UPL ),2.71,,
Mafia,2019,Augast,Sphyraena barracuda( BAQ ),148.36,,
Mafia,2019,Augast,Rachycentron canadum( CBA ),185.45,,
Mafia,2019,Augast,Serranidae spp( CEW ),43.02,,
Mafia,2019,Augast,Caranx tille( CGX ),114.86,,
Mafia,2019,Augast,Cuttlefish( DM ),68.99,,
Mafia,2019,Augast,Gongora( GNG ),78.63,,
Mafia,2019,Augast,Gayogayo( GYG ),1.33,,
Mafia,2019,Augast,Euthynnus affinis( KAW ),0.53,,
Mafia,2019,Augast,Vikande( KKN ),2.13,,
Mafia,2019,Augast,Lutjanus spp( LDW ),37.6,,
Mafia,2019,Augast,Lethrinus spp( LH ),62.63,,
Mafia,2019,Augast,Lethrinus borbonicus( LHB ),69.55,,
Mafia,2019,Augast,Gerres spp( MOJ ),37.09,,
Mafia,2019,Augast,Netuma thalassina( NTT ),2.66,,
Mafia,2019,Augast,Octopus cyanea( OCC ),24.9,,
Mafia,2019,Augast,Loligo spp( OJD ),43.02,,
Mafia,2019,Augast,Pono( PNW ),3.89,,
Mafia,2019,Augast,Papa( PP ),1.42,,
Mafia,2019,Augast,Siganus sp.( SGL ),65.1,,
Mafia,2019,Augast,Acanthurus spp( SUR  ),4.09,,
Mafia,2019,Augast,Carrotomus carolinus( ULG ),3.86,,
Mafia,2019,Augast,Upeneus spp( UPL ),10.63,,
Mafia,2019,Augast,Acanthocybium solandiri( WAH ),44.51,,
Mafia,2019,September,Caranx tille( CGX ),71.79,,
Mafia,2019,September,Cuttlefish( DM ),28.71,,
Mafia,2019,September,Lethrinus spp( LH ),8.23,,
Mafia,2019,September,Lethrinus borbonicus( LHB ),141.69,,
Mafia,2019,September,Gerres spp( MOJ ),86.14,,
Mafia,2019,September,Octopus cyanea( OCC ),72.69,,
Mafia,2019,September,Loligo spp( OJD ),79.92,,
Mafia,2019,September,Pono( PNW ),10.07,,
Mafia,2019,September,Siganus sp.( SGL ),165.11,,
Mafia,2019,September,Upeneus spp( UPL ),10.03,,
Kibiti,2016,June,Serranidae spp( CEW ),64.03,,
Kibiti,2016,June,Lutjanus spp( LDW ),210.6,,
Kibiti,2016,June,Lethrinus spp( LH ),395.93,,
Kibiti,2016,June,Netuma thalassina( NTT ),26.97,,
Kibiti,2016,July,Serranidae spp( CEW ),212.54,,
Kibiti,2016,July,Netuma thalassina( NTT ),35.96,,
Kibiti,2016,July,Papa( PP ),11.16,,
Kibiti,2016,Augast,Serranidae spp( CEW ),517.08,,
Kibiti,2016,Augast,Kaa( KAA ),39.06,,
Kibiti,2016,Augast,Milea( KOM ),775.62,,
Kibiti,2016,Augast,Lethrinus harak( LHH ),217.62,,
Kibiti,2016,September,Caranx tille( CGX ),84.24,,
Kibiti,2016,September,Kaa( KAA ),32.4,,
Kibiti,2016,October,Serranidae spp( CEW ),290.16,,
Kibiti,2017,January,Maculabatis ambigua( RAJ ),55.8,,
Kibiti,2017,February,Gymnasarda unicolor( DOT ),636.55,,
Kibiti,2017,March,Serranidae spp( CEW ),121.01,,
Kibiti,2017,March,Aetobatus ocellatus( MAE ),16.74,,
Kibiti,2017,March,Netuma thalassina( NTT ),431.52,,
Kibiti,2017,March,Papa( PP ),16.74,,
Kibiti,2017,Augast,Lethrinus harak( LHH ),435.24,,
Kibiti,2017,September,Kaa( KAA ),9.9,,
Kibiti,2017,September,Lethrinus spp( LH ),252.72,,
Kibiti,2017,September,Lethrinus borbonicus( LHB ),421.2,,
Kibiti,2018,January,Lobotes spp(  LOB ),6.16,,
Kibiti,2018,January,Serranidae spp( CEW ),21.45,,
Kibiti,2018,January,Caranx tille( CGX ),7.71,,
Kibiti,2018,January,Netuma thalassina( NTT ),9.66,,
Kibiti,2018,January,Maculabatis ambigua( RAJ ),15.15,,
Kibiti,2018,February,Serranidae spp( CEW ),50.74,,
Kibiti,2018,February,Caranx tille( CGX ),37.44,,
Kibiti,2018,February,Netuma thalassina( NTT ),25.87,,
Kibiti,2018,February,Maculabatis ambigua( RAJ ),1.86,,
Kibiti,2018,March,Serranidae spp( CEW ),15.41,,
Kibiti,2018,March,Netuma thalassina( NTT ),33.91,,
Kibiti,2018,April,Serranidae spp( CEW ),15.41,,
Kibiti,2018,April,Netuma thalassina( NTT ),33.91,,
Kibiti,2018,May,Caranx tille( CGX ),49.74,,
Kibiti,2018,May,Kaa( KAA ),3.54,,
Kibiti,2018,May,Lutjanus spp( LDW ),45.6,,
Kibiti,2018,May,Lethrinus spp( LH ),41.45,,
Kibiti,2018,May,Lethrinus borbonicus( LHB ),57.51,,
Kibiti,2018,May,Lethrinus harak( LHH ),41.45,,
Kibiti,2018,May,Caranx spp( NXT ),12.44,,
Kibiti,2018,June,Serranidae spp( CEW ),21.97,,
Kibiti,2018,June,Netuma thalassina( NTT ),7.95,,
Kibiti,2018,June,Maculabatis ambigua( RAJ ),7.46,,
Kibiti,2018,Augast,Serranidae spp( CEW ),13.61,,
Kibiti,2018,Augast,Caranx tille( CGX ),77.72,,
Kibiti,2018,Augast,Kaa( KAA ),3.63,,
Kibiti,2018,Augast,Lutjanus spp( LDW ),689.44,,
Kibiti,2018,Augast,Netuma thalassina( NTT ),15.82,,
Kibiti,2018,October,Dagaa( DGM ),0.27,,
Kibiti,2018,November,Lobotes spp(  LOB ),8,,
Kibiti,2018,November,Serranidae spp( CEW ),171.73,,
Kibiti,2018,November,Caranx tille( CGX ),73.64,,
Kibiti,2018,November,Changu( CHN ),20.06,,
Kibiti,2018,November,Kaa( KAA ),2.53,,
Kibiti,2018,November,Lutjanus spp( LDW ),9.94,,
Kibiti,2018,November,Lethrinus spp( LH ),287.79,,
Kibiti,2018,November,Lethrinus borbonicus( LHB ),30.34,,
Kibiti,2018,November,Lethrinus harak( LHH ),103.29,,
Kibiti,2018,November,Gerres spp( MOJ ),15.04,,
Kibiti,2018,November,Netuma thalassina( NTT ),41.2,,
Kibiti,2018,November,Caranx spp( NXT ),179.07,,
Kibiti,2018,November,Papa( PP ),17.9,,
Kibiti,2018,November,Pituwi( PTW ),4.01,,
Kibiti,2018,December,Lobotes spp(  LOB ),23.12,,
Kibiti,2018,December,Sphyraena barracuda( BAQ ),46.63,,
Kibiti,2018,December,Serranidae spp( CEW ),18.04,,
Kibiti,2018,December,Caranx tille( CGX ),246.57,,
Kibiti,2018,December,Changu( CHN ),62.18,,
Kibiti,2018,December,Kaa( KAA ),75.44,,
Kibiti,2018,December,Lutjanus spp( LDW ),131.53,,
Kibiti,2018,December,Lethrinus spp( LH ),160.62,,
Kibiti,2018,December,Lethrinus borbonicus( LHB ),50,,
Kibiti,2018,December,Lethrinus harak( LHH ),138.17,,
Kibiti,2018,December,Lethrinus rubrioperculatus( LHR ),41.97,,
Kibiti,2018,December,Gerres spp( MOJ ),73.87,,
Kibiti,2018,December,Netuma thalassina( NTT ),16.55,,
Kibiti,2018,December,Caranx spp( NXT ),257.61,,
Kibiti,2018,December,Papa( PP ),18.49,,
Kibiti,2018,December,Maculabatis ambigua( RAJ ),9.25,,
Kibiti,2019,January,Lobotes spp(  LOB ),6.16,,
Kibiti,2019,January,Serranidae spp( CEW ),81.05,,
Kibiti,2019,January,Caranx tille( CGX ),434.69,,
Kibiti,2019,January,Changu( CHN ),51.81,,
Kibiti,2019,January,Kaa( KAA ),40.57,,
Kibiti,2019,January,Lutjanus spp( LDW ),370.58,,
Kibiti,2019,January,Lethrinus spp( LH ),189.44,,
Kibiti,2019,January,Lethrinus borbonicus( LHB ),409.5,,
Kibiti,2019,January,Lethrinus harak( LHH ),199.61,,
Kibiti,2019,January,Gerres spp( MOJ ),139.53,,
Kibiti,2019,January,Netuma thalassina( NTT ),12.45,,
Kibiti,2019,January,Caranx spp( NXT ),373.29,,
Kibiti,2019,January,Papa( PP ),15.58,,
Kibiti,2019,January,Sphyraena spp( YRB ),984.91,,
Kibiti,2019,February,Serranidae spp( CEW ),7.42,,
Kibiti,2019,February,Caranx tille( CGX ),74.88,,
Kibiti,2019,February,Changu( CHN ),105.3,,
Kibiti,2019,February,Kaa( KAA ),25.51,,
Kibiti,2019,February,Lethrinus spp( LH ),78.62,,
Kibiti,2019,February,Lethrinus borbonicus( LHB ),275.04,,
Kibiti,2019,February,Lethrinus harak( LHH ),44.93,,
Kibiti,2019,February,Netuma thalassina( NTT ),14.85,,
Kibiti,2019,February,Caranx spp( NXT ),377.76,,
Kibiti,2019,February,Papa( PP ),3.71,,
Kibiti,2019,March,Serranidae spp( CEW ),196.98,,
Kibiti,2019,March,Caranx tille( CGX ),246.23,,
Kibiti,2019,March,Kaa( KAA ),51.9,,
Kibiti,2019,March,Lethrinus spp( LH ),246.23,,
Kibiti,2019,March,Gerres spp( MOJ ),196.98,,
Kibiti,2019,March,Netuma thalassina( NTT ),102.74,,
Kibiti,2019,March,Caranx spp( NXT ),409.36,,
Kibiti,2019,April,Lobotes spp(  LOB ),6.96,,
Kibiti,2019,April,Auchenoglanis occidentalis( AO ),7.95,,
Kibiti,2019,April,Serranidae spp( CEW ),47.9,,
Kibiti,2019,April,Caranx tille( CGX ),256.16,,
Kibiti,2019,April,Changu( CHN ),72.21,,
Kibiti,2019,April,Chirocentus dorab( CRCD ),11.93,,
Kibiti,2019,April,Kaa( KAA ),58.67,,
Kibiti,2019,April,Lutjanus spp( LDW ),72.21,,
Kibiti,2019,April,Lethrinus spp( LH ),210.6,,
Kibiti,2019,April,Lethrinus borbonicus( LHB ),67.86,,
Kibiti,2019,April,Lethrinus harak( LHH ),109.42,,
Kibiti,2019,April,Gerres spp( MOJ ),202.54,,
Kibiti,2019,April,Netuma thalassina( NTT ),29.23,,
Kibiti,2019,April,Caranx spp( NXT ),528.21,,
Kibiti,2019,April,Papa( PP ),16.8,,
Kibiti,2019,April,Maculabatis ambigua( RAJ ),5.07,,
Kibiti,2019,May,Lobotes spp(  LOB ),10.02,,
Kibiti,2019,May,Serranidae spp( CEW ),118.56,,
Kibiti,2019,May,Caranx tille( CGX ),82.9,,
Kibiti,2019,May,Changu( CHN ),1.99,,
Kibiti,2019,May,Gymnasarda unicolor( DOT ),4.78,,
Kibiti,2019,May,Kaa( KAA ),35.59,,
Kibiti,2019,May,Lethrinus spp( LH ),417.96,,
Kibiti,2019,May,Lethrinus borbonicus( LHB ),171.03,,
Kibiti,2019,May,Lethrinus harak( LHH ),114.9,,
Kibiti,2019,May,Netuma thalassina( NTT ),19.26,,
Kibiti,2019,May,Caranx spp( NXT ),82.9,,
Kibiti,2019,May,Papa( PP ),23.63,,
Kibiti,2019,May,Maculabatis ambigua( RAJ ),20.03,,
Kibiti,2019,Augast,Kaa( KAA ),4.46,,
Kigamboni,2019,January,Sphyraena barracuda( BAQ ),22.07,,
Kigamboni,2019,January,Rachycentron canadum( CBA ),63.46,,
Kigamboni,2019,January,Serranidae spp( CEW ),45.73,,
Kigamboni,2019,January,Caranx tille( CGX ),9.46,,
Kigamboni,2019,January,Changu( CHN ),"1,049.01",,
Kigamboni,2019,January,Scomberomorus commerson( COM ),0.44,,
Kigamboni,2019,January,Gymnasarda unicolor( DOT ),0.44,,
Kigamboni,2019,January,Scomberomorus guttatus( GUT ),0.34,,
Kigamboni,2019,January,Panolirus homarus( KMT ),4.46,,
Kigamboni,2019,January,Milea( KOM ),2.66,,
Kigamboni,2019,January,Lutjanus spp( LDW ),49.66,,
Kigamboni,2019,January,Lethrinus borbonicus( LHB ),6.88,,
Kigamboni,2019,January,Lethrinus rubrioperculatus( LHR ),16.55,,
Kigamboni,2019,January,Aetobatus ocellatus( MAE ),0.27,,
Kigamboni,2019,January,Netuma thalassina( NTT ),1.92,,
Kigamboni,2019,January,Octopus cyanea( OCC ),19.03,,
Kigamboni,2019,January,Loligo spp( OJD ),13.69,,
Kigamboni,2019,January,Panulirus penisillatus( PNP ),1.28,,
Kigamboni,2019,January,Papa( PP ),4.13,,
Kigamboni,2019,January,Siganus sp.( SGL ),2.76,,
Kigamboni,2019,January,Manta alfredi( TNG ),0.56,,
Kigamboni,2019,January,Acanthocybium solandiri( WAH ),2.71,,
Kigamboni,2019,February,Amblygaster sirm( AMS ),1.2,,
Kigamboni,2019,February,Serranidae spp( CEW ),53.4,,
Kigamboni,2019,February,Caranx tille( CGX ),13.47,,
Kigamboni,2019,February,Changu( CHN ),5.79,,
Kigamboni,2019,February,Gymnasarda unicolor( DOT ),1.17,,
Kigamboni,2019,February,Anguilliformes( ELE ),14.24,,
Kigamboni,2019,February,Gongora( GNG ),2.76,,
Kigamboni,2019,February,Panolirus homarus( KMT ),8.64,,
Kigamboni,2019,February,Lutjanus spp( LDW ),0.48,,
Kigamboni,2019,February,Lethrinus borbonicus( LHB ),22.25,,
Kigamboni,2019,February,Lethrinus harak( LHH ),4.27,,
Kigamboni,2019,February,Lethrinus rubrioperculatus( LHR ),3.31,,
Kigamboni,2019,February,Gerres spp( MOJ ),1.78,,
Kigamboni,2019,February,Octopus cyanea( OCC ),16.89,,
Kigamboni,2019,February,Loligo spp( OJD ),8.26,,
Kigamboni,2019,February,Papa( PP ),29.77,,
Kigamboni,2019,February,Panulirus spp( PUR ),1.15,,
Kigamboni,2019,February,Istiophorus platypterus( SFA ),0.49,,
Kigamboni,2019,February,Siganus sp.( SGL ),113.71,,
Kigamboni,2019,March,Auchenoglanis occidentalis( AO ),2.48,,
Kigamboni,2019,March,Serranidae spp( CEW ),10.98,,
Kigamboni,2019,March,Caranx tille( CGX ),14.48,,
Kigamboni,2019,March,Changu( CHN ),9.85,,
Kigamboni,2019,March,Cuttlefish( DM ),326.31,,
Kigamboni,2019,March,Gymnasarda unicolor( DOT ),47.41,,
Kigamboni,2019,March,Encrasicholina heteroloba( ENH ),23.65,,
Kigamboni,2019,March,Gongora( GNG ),3.5,,
Kigamboni,2019,March,Euthynnus affinis( KAW ),36.85,,
Kigamboni,2019,March,Panolirus homarus( KMT ),3.19,,
Kigamboni,2019,March,Lutjanus spp( LDW ),14.59,,
Kigamboni,2019,March,Lethrinus borbonicus( LHB ),4.47,,
Kigamboni,2019,March,Lethrinus harak( LHH ),10.84,,
Kigamboni,2019,March,Lethrinus rubrioperculatus( LHR ),4.73,,
Kigamboni,2019,March,Aetobatus ocellatus( MAE ),1.06,,
Kigamboni,2019,March,Gerres spp( MOJ ),4.53,,
Kigamboni,2019,March,Netuma thalassina( NTT ),2.52,,
Kigamboni,2019,March,Octopus cyanea( OCC ),18.37,,
Kigamboni,2019,March,Loligo spp( OJD ),6.03,,
Kigamboni,2019,March,Papa( PP ),1.33,,
Kigamboni,2019,March,Panulirus spp( PUR ),0.4,,
Kigamboni,2019,March,Siganus sp.( SGL ),36.95,,
Kigamboni,2019,March,Manta alfredi( TNG ),1.59,,
Kigamboni,2019,April,Auchenoglanis occidentalis( AO ),6.43,,
Kigamboni,2019,April,Serranidae spp( CEW ),11.59,,
Kigamboni,2019,April,Caranx tille( CGX ),9.45,,
Kigamboni,2019,April,Changu( CHN ),4.96,,
Kigamboni,2019,April,Gymnasarda unicolor( DOT ),23.84,,
Kigamboni,2019,April,Gongora( GNG ),5.72,,
Kigamboni,2019,April,Panolirus homarus( KMT ),1.58,,
Kigamboni,2019,April,Lutjanus spp( LDW ),3.43,,
Kigamboni,2019,April,Lethrinus borbonicus( LHB ),7.41,,
Kigamboni,2019,April,Lethrinus nebulosus( LHN ),7.63,,
Kigamboni,2019,April,Netuma thalassina( NTT ),1.71,,
Kigamboni,2019,April,Octopus cyanea( OCC ),18.33,,
Kigamboni,2019,April,Loligo spp( OJD ),10.39,,
Kigamboni,2019,April,Panulirus spp( PUR ),1.03,,
Kigamboni,2019,April,Siganus sp.( SGL ),17.96,,
Kigamboni,2019,April,Terrapon jarbua( TJB ),3.43,,
Kigamboni,2019,May,Serranidae spp( CEW ),6.92,,
Kigamboni,2019,May,Caranx tille( CGX ),5.87,,
Kigamboni,2019,May,Changu( CHN ),13.31,,
Kigamboni,2019,May,Scomberomorus commerson( COM ),85.53,,
Kigamboni,2019,May,Cuttlefish( DM ),0.59,,
Kigamboni,2019,May,Gongora( GNG ),2.96,,
Kigamboni,2019,May,Panulirus ornatus( KMM ),64.33,,
Kigamboni,2019,May,Lutjanus spp( LDW ),12.84,,
Kigamboni,2019,May,Lethrinus spp( LH ),1.2,,
Kigamboni,2019,May,Lethrinus borbonicus( LHB ),5.15,,
Kigamboni,2019,May,Lethrinus harak( LHH ),5.95,,
Kigamboni,2019,May,Netuma thalassina( NTT ),1.56,,
Kigamboni,2019,May,Caranx spp( NXT ),4.14,,
Kigamboni,2019,May,Octopus cyanea( OCC ),21.42,,
Kigamboni,2019,May,Loligo spp( OJD ),5.42,,
Kigamboni,2019,May,Panulirus penisillatus( PNP ),4.78,,
Kigamboni,2019,May,Panulirus spp( PUR ),0.48,,
Kigamboni,2019,May,Maculabatis ambigua( RAJ ),26.01,,
Kigamboni,2019,May,Siganus sp.( SGL ),10.77,,
Kigamboni,2019,June,Sphyraena barracuda( BAQ ),8.77,,
Kigamboni,2019,June,Rachycentron canadum( CBA ),11.44,,
Kigamboni,2019,June,Caranx tille( CGX ),7.63,,
Kigamboni,2019,June,Changu( CHN ),15.52,,
Kigamboni,2019,June,Gongora( GNG ),6.87,,
Kigamboni,2019,June,Panulirus ornatus( KMM ),4.94,,
Kigamboni,2019,June,Lutjanus spp( LDW ),26.51,,
Kigamboni,2019,June,Lethrinus borbonicus( LHB ),8.45,,
Kigamboni,2019,June,Lethrinus harak( LHH ),18.51,,
Kigamboni,2019,June,Lethrinus rubrioperculatus( LHR ),2.86,,
Kigamboni,2019,June,Gerres spp( MOJ ),20.57,,
Kigamboni,2019,June,Netuma thalassina( NTT ),1.53,,
Kigamboni,2019,June,Octopus cyanea( OCC ),12.78,,
Kigamboni,2019,June,Loligo spp( OJD ),5.59,,
Kigamboni,2019,June,Panulirus penisillatus( PNP ),3.7,,
Kigamboni,2019,June,Panulirus spp( PUR ),1.09,,
Kigamboni,2019,June,Siganus sp.( SGL ),17.29,,
Kigamboni,2019,July,Bumbura( BMBR ),3.55,,
Kigamboni,2019,July,Serranidae spp( CEW ),3.94,,
Kigamboni,2019,July,Caranx tille( CGX ),6.7,,
Kigamboni,2019,July,Changu( CHN ),5.52,,
Kigamboni,2019,July,Himantura uarnak( DHV ),22.07,,
Kigamboni,2019,July,Cuttlefish( DM ),1.95,,
Kigamboni,2019,July,Auxis thazard( FRI ),9.46,,
Kigamboni,2019,July,Gongora( GNG ),4.6,,
Kigamboni,2019,July,Euthynnus affinis( KAW ),12.22,,
Kigamboni,2019,July,Panulirus ornatus( KMM ),5.74,,
Kigamboni,2019,July,Lutjanus spp( LDW ),2.96,,
Kigamboni,2019,July,Lethrinus borbonicus( LHB ),6.8,,
Kigamboni,2019,July,Lethrinus harak( LHH ),3.74,,
Kigamboni,2019,July,Lethrinus nebulosus( LHN ),3.15,,
Kigamboni,2019,July,Lethrinus rubrioperculatus( LHR ),12.42,,
Kigamboni,2019,July,Octopus cyanea( OCC ),20.44,,
Kigamboni,2019,July,Loligo spp( OJD ),4.93,,
Kigamboni,2019,July,Papa( PP ),49.27,,
Kigamboni,2019,July,Panulirus spp( PUR ),0.6,,
Kigamboni,2019,July,Maculabatis ambigua( RAJ ),1.97,,
Kigamboni,2019,July,Siganus sp.( SGL ),8.51,,
Kigamboni,2019,July,Thunnus albacares( YFT ),35.47,,
Kigamboni,2019,Augast,Bumbura( BMBR ),4.07,,
Kigamboni,2019,Augast,Rachycentron canadum( CBA ),7.88,,
Kigamboni,2019,Augast,Caranx tille( CGX ),11.43,,
Kigamboni,2019,Augast,Cuttlefish( DM ),3.94,,
Kigamboni,2019,Augast,Anguilliformes( ELE ),35.47,,
Kigamboni,2019,Augast,Gongora( GNG ),3.6,,
Kigamboni,2019,Augast,Lethrinus spp( LH ),4.73,,
Kigamboni,2019,Augast,Lethrinus borbonicus( LHB ),4.97,,
Kigamboni,2019,Augast,Nemipterus japonicus( NMJ ),2.36,,
Kigamboni,2019,Augast,Octopus cyanea( OCC ),13.03,,
Kigamboni,2019,Augast,Loligo spp( OJD ),4.53,,
Kigamboni,2019,Augast,Panulirus spp( PUR ),3.7,,
Kigamboni,2019,Augast,Siganus sp.( SGL ),3.77,,
Kigamboni,2019,september,Serranidae spp( CEW ),194.53,,
Kigamboni,2019,september,Lutjanus spp( LDW ),91.54,,
Kigamboni,2019,september,Lethrinus borbonicus( LHB ),4.01,,
Kigamboni,2019,september,Octopus cyanea( OCC ),11.8,,
Kigamboni,2019,september,Loligo spp( OJD ),18.31,,
Kigamboni,2019,september,Panulirus penisillatus( PNP ),4.63,,
Kigamboni,2019,september,Panulirus spp( PUR ),5.28,,
Kigamboni,2017,August,Gymnasarda unicolor( DOT ),3.1,,
Kigamboni,2017,September,Rachycentron canadum( CBA ),0.64,,
Kigamboni,2017,September,Lutjanus spp( LDW ),8.7,,
Kigamboni,2017,September,Tuna( NGR ),0.66,,
Kigamboni,2017,September,Octopus cyanea( OCC ),21.6,,
Kigamboni,2017,September,Panulirus spp( PUR ),4.32,,
Kigamboni,2017,September,Acanthocybium solandiri( WAH ),0.69,,
Kigamboni,2017,October,Rachycentron canadum( CBA ),3.88,,
Kigamboni,2017,October,Caranx tille( CGX ),26.97,,
Kigamboni,2017,October,Scomberomorus guttatus( GUT ),6.2,,
Kigamboni,2017,October,Milea( KOM ),0.12,,
Kigamboni,2017,October,Lutjanus spp( LDW ),21.98,,
Kigamboni,2017,October,Aetobatus ocellatus( MAE ),4.65,,
Kigamboni,2017,October,Tuna( NGR ),1.47,,
Kigamboni,2017,October,Octopus cyanea( OCC ),11.45,,
Kigamboni,2017,October,Papa( PP ),2.45,,
Kigamboni,2017,October,Panulirus spp( PUR ),13.69,,
Kigamboni,2017,November,Serranidae spp( CEW ),0.36,,
Kigamboni,2017,November,Lutjanus spp( LDW ),0.72,,
Kigamboni,2017,November,Lethrinus borbonicus( LHB ),6.48,,
Kigamboni,2017,November,Lethrinus harak( LHH ),1.44,,
Kigamboni,2017,December,Taa( NYG ),0.46,,
Kigamboni,2018,January,Panolirus homarus( KMT ),3.19,,
Kigamboni,2018,January,Octopus cyanea( OCC ),9.15,,
Kigamboni,2018,February,Rachycentron canadum( CBA ),13.19,,
Kigamboni,2018,February,Serranidae spp( CEW ),12.82,,
Kigamboni,2018,February,Caranx tille( CGX ),1.78,,
Kigamboni,2018,February,Cuttlefish( DM ),2.85,,
Kigamboni,2018,February,Gongora( GNG ),4.27,,
Kigamboni,2018,February,Scomberomorus guttatus( GUT ),7.12,,
Kigamboni,2018,February,Lutjanus spp( LDW ),1.78,,
Kigamboni,2018,February,Lethrinus borbonicus( LHB ),22.75,,
Kigamboni,2018,February,Octopus cyanea( OCC ),13.71,,
Kigamboni,2018,February,Loligo spp( OJD ),11.96,,
Kigamboni,2018,February,Panulirus penisillatus( PNP ),3.67,,
Kigamboni,2018,February,Panulirus spp( PUR ),2.74,,
Kigamboni,2018,March,Sphyraena barracuda( BAQ ),15.77,,
Kigamboni,2018,March,Serranidae spp( CEW ),19.06,,
Kigamboni,2018,March,Caranx tille( CGX ),44.24,,
Kigamboni,2018,March,Gongora( GNG ),23.65,,
Kigamboni,2018,March,Panolirus homarus( KMT ),3.19,,
Kigamboni,2018,March,Lutjanus spp( LDW ),78.83,,
Kigamboni,2018,March,Lethrinus borbonicus( LHB ),22.81,,
Kigamboni,2018,March,Lethrinus harak( LHH ),39.41,,
Kigamboni,2018,March,Aetobatus ocellatus( MAE ),0.44,,
Kigamboni,2018,March,Tuna( NGR ),9.85,,
Kigamboni,2018,March,Netuma thalassina( NTT ),22.48,,
Kigamboni,2018,March,Octopus cyanea( OCC ),25.07,,
Kigamboni,2018,March,Loligo spp( OJD ),14.57,,
Kigamboni,2018,March,Panulirus penisillatus( PNP ),6.38,,
Kigamboni,2018,March,Papa( PP ),0.8,,
Kigamboni,2018,April,Sphyraena barracuda( BAQ ),63.66,,
Kigamboni,2018,April,Rachycentron canadum( CBA ),11.44,,
Kigamboni,2018,April,Serranidae spp( CEW ),16.39,,
Kigamboni,2018,April,Caranx tille( CGX ),31.81,,
Kigamboni,2018,April,Gongora( GNG ),38.38,,
Kigamboni,2018,April,Panolirus homarus( KMT ),3.33,,
Kigamboni,2018,April,Lutjanus spp( LDW ),21.17,,
Kigamboni,2018,April,Lethrinus borbonicus( LHB ),35.11,,
Kigamboni,2018,April,Netuma thalassina( NTT ),9.15,,
Kigamboni,2018,April,Octopus cyanea( OCC ),12.3,,
Kigamboni,2018,April,Loligo spp( OJD ),8.15,,
Kigamboni,2018,May,Rachycentron canadum( CBA ),21.24,,
Kigamboni,2018,May,Serranidae spp( CEW ),36.07,,
Kigamboni,2018,May,Caranx tille( CGX ),13.4,,
Kigamboni,2018,May,Panulirus ornatus( KMM ),2.69,,
Kigamboni,2018,May,Lutjanus spp( LDW ),47.3,,
Kigamboni,2018,May,Lethrinus borbonicus( LHB ),11.06,,
Kigamboni,2018,May,Lethrinus harak( LHH ),11.82,,
Kigamboni,2018,May,Octopus cyanea( OCC ),10.82,,
Kigamboni,2018,May,Loligo spp( OJD ),21.77,,
Kigamboni,2018,June,Sphyraena barracuda( BAQ ),9.54,,
Kigamboni,2018,June,Serranidae spp( CEW ),20.38,,
Kigamboni,2018,June,Changu( CHN ),17.16,,
Kigamboni,2018,June,Panulirus ornatus( KMM ),2.47,,
Kigamboni,2018,June,Lethrinus borbonicus( LHB ),27.08,,
Kigamboni,2018,June,Lethrinus harak( LHH ),12.34,,
Kigamboni,2018,June,Lethrinus nebulosus( LHN ),11.44,,
Kigamboni,2018,June,Tuna( NGR ),7.63,,
Kigamboni,2018,June,Netuma thalassina( NTT ),1.29,,
Kigamboni,2018,June,Caranx spp( NXT ),1.29,,
Kigamboni,2018,June,Octopus cyanea( OCC ),10.28,,
Kigamboni,2018,June,Panulirus spp( PUR ),5.69,,
Kigamboni,2018,June,Siganus sp.( SGL ),42.69,,
Kigamboni,2018,June,Thunnus albacares( YFT ),9.07,,
Kigamboni,2018,July,Rachycentron canadum( CBA ),32.19,,
Kigamboni,2018,July,Serranidae spp( CEW ),23.56,,
Kigamboni,2018,July,Caranx tille( CGX ),3.94,,
Kigamboni,2018,July,Anguilliformes( ELE ),22.07,,
Kigamboni,2018,July,Panolirus homarus( KMT ),2.39,,
Kigamboni,2018,July,Lutjanus spp( LDW ),53.94,,
Kigamboni,2018,July,Lethrinus borbonicus( LHB ),8.1,,
Kigamboni,2018,July,Netuma thalassina( NTT ),23.4,,
Kigamboni,2018,July,Octopus cyanea( OCC ),6.71,,
Kigamboni,2018,August,Caranx tille( CGX ),12.02,,
Kigamboni,2018,August,Anguilliformes( ELE ),10.35,,
Kigamboni,2018,August,Lethrinus borbonicus( LHB ),20.1,,
Kigamboni,2018,August,Octopus cyanea( OCC ),17.86,,
Kigamboni,2018,October,Serranidae spp( CEW ),4.73,,
Kigamboni,2018,October,Anguilliformes( ELE ),47.3,,
Kigamboni,2018,October,Lethrinus borbonicus( LHB ),6.77,,
Kigamboni,2018,October,Octopus cyanea( OCC ),7.52,,
Kigamboni,2018,October,Loligo spp( OJD ),19.86,,
Kigamboni,2018,October,Papa( PP ),7.09,,
Kigamboni,2018,October,Panulirus spp( PUR ),8.93,,
Kigamboni,2018,October,Maculabatis ambigua( RAJ ),29.56,,
Kigamboni,2018,October,Siganus sp.( SGL ),17.65,,
Kigamboni,2018,November,Sphyraena barracuda( BAQ ),34.33,,
Kigamboni,2018,November,Rachycentron canadum( CBA ),3.66,,
Kigamboni,2018,November,Serranidae spp( CEW ),21.26,,
Kigamboni,2018,November,Caranx tille( CGX ),12.99,,
Kigamboni,2018,November,Changu( CHN ),6.64,,
Kigamboni,2018,November,Gymnasarda unicolor( DOT ),24.25,,
Kigamboni,2018,November,Anguilliformes( ELE ),1.95,,
Kigamboni,2018,November,Gongora( GNG ),8.76,,
Kigamboni,2018,November,Scomberomorus guttatus( GUT ),0.32,,
Kigamboni,2018,November,Panolirus homarus( KMT ),1.85,,
Kigamboni,2018,November,Lutjanus spp( LDW ),7.7,,
Kigamboni,2018,November,Lethrinus borbonicus( LHB ),30.45,,
Kigamboni,2018,November,Lethrinus rubrioperculatus( LHR ),2.29,,
Kigamboni,2018,November,Gerres spp( MOJ ),12.34,,
Kigamboni,2018,November,Netuma thalassina( NTT ),5.91,,
Kigamboni,2018,November,Octopus cyanea( OCC ),22.27,,
Kigamboni,2018,November,Loligo spp( OJD ),13.85,,
Kigamboni,2018,November,Panulirus penisillatus( PNP ),7.18,,
Kigamboni,2018,November,Panulirus spp( PUR ),0.82,,
Kigamboni,2018,November,Istiophorus platypterus( SFA ),0.85,,
Kigamboni,2018,November,Siganus sp.( SGL ),24.86,,
Kigamboni,2018,November,Manta alfredi( TNG ),1.2,,
Kigamboni,2018,November,Acanthocybium solandiri( WAH ),7.82,,
Kigamboni,2018,December,Sphyraena barracuda( BAQ ),19.71,,
Kigamboni,2018,December,Rachycentron canadum( CBA ),57.91,,
Kigamboni,2018,December,Carcharhinus plumbeus( CCP ),5.76,,
Kigamboni,2018,December,Serranidae spp( CEW ),31.3,,
Kigamboni,2018,December,Caranx tille( CGX ),17.78,,
Kigamboni,2018,December,Cuttlefish( DM ),1.3,,
Kigamboni,2018,December,Gymnasarda unicolor( DOT ),0.61,,
Kigamboni,2018,December,Anguilliformes( ELE ),19.71,,
Kigamboni,2018,December,Panolirus homarus( KMT ),4.03,,
Kigamboni,2018,December,Milea( KOM ),1.44,,
Kigamboni,2018,December,Lutjanus spp( LDW ),20.37,,
Kigamboni,2018,December,Lethrinus borbonicus( LHB ),2.85,,
Kigamboni,2018,December,Lethrinus harak( LHH ),8.62,,
Kigamboni,2018,December,Aetobatus ocellatus( MAE ),1.33,,
Kigamboni,2018,December,Milea( ML ),14.19,,
Kigamboni,2018,December,Tuna( NGR ),21.28,,
Kigamboni,2018,December,Netuma thalassina( NTT ),1.75,,
Kigamboni,2018,December,Octopus cyanea( OCC ),19.25,,
Kigamboni,2018,December,Loligo spp( OJD ),2.96,,
Kigamboni,2018,December,Panulirus penisillatus( PNP ),1.76,,
Kigamboni,2018,December,Papa( PP ),4.65,,
Kigamboni,2018,December,Panulirus spp( PUR ),8.16,,
Kigamboni,2018,December,Maculabatis ambigua( RAJ ),1.06,,
Kigamboni,2018,December,Rhynchobatus sp.( RCD ),1.77,,
Kigamboni,2018,December,Istiophorus platypterus( SFA ),8.44,,
Kigamboni,2018,December,Siganus sp.( SGL ),11.05,,
Kigamboni,2018,December,Acanthocybium solandiri( WAH ),33.11,,
Mtwara Rural,2017,May,Caranx tille( CGX ),0.31,,
Mtwara Rural,2017,May,Milea( KOM ),0.19,,
Mtwara Rural,2017,June,Serranidae spp( CEW ),4.5,,
Mtwara Rural,2017,June,Caranx tille( CGX ),0.27,,
Mtwara Rural,2018,February,Lutjanus spp( LDW ),30.53,,
Mtwara Rural,2018,February,Gerres spp( MOJ ),0.32,,
Mtwara Rural,2018,February,Loligo spp( OJD ),150.48,,
Mtwara Rural,2018,February,Pono( PNW ),6.19,,
Mtwara Rural,2018,February,Siganus sp.( SGL ),3.29,,
Mtwara Rural,2018,March,Sphyraena barracuda( BAQ ),11.27,,
Mtwara Rural,2018,March,Loligo spp( OJD ),8.57,,
Mtwara Rural,2018,March,Siganus sp.( SGL ),3.35,,
Mtwara Rural,2018,June,Caranx tille( CGX ),7.44,,
Mtwara Rural,2018,June,Milea( KOM ),0.05,,
Mtwara Rural,2018,June,Taa( NYG ),0.1,,
Mtwara Rural,2018,June,Maculabatis ambigua( RAJ ),708.69,,
Mtwara Rural,2018,June,Acanthurus spp( SUR  ),0.03,,
Mtwara Rural,2018,July,Serranidae spp( CEW ),22.53,,
Mtwara Rural,2018,July,Caranx tille( CGX ),133.14,,
Mtwara Rural,2018,July,Lethrinus borbonicus( LHB ),16.9,,
Mtwara Rural,2018,July,Taa( NYG ),0.01,,
Mtwara Rural,2018,July,Loligo spp( OJD ),11.27,,
Mtwara Rural,2018,July,Maculabatis ambigua( RAJ ),0.6,,
Mtwara Rural,2018,July,Siganus sp.( SGL ),7.51,,
Mtwara Rural,2018,July,Acanthurus spp( SUR  ),0.72,,
Mtwara Rural,2018,October,Caranx tille( CGX ),16.9,,
Mtwara Rural,2018,October,Maculabatis ambigua( RAJ ),2.77,,
Mtwara Rural,2018,October,Acanthurus spp( SUR  ),0.22,,
Mtwara Rural,2018,October,Manta alfredi( TNG ),0.18,,
Mtwara Rural,2018,November,Serranidae spp( CEW ),0.81,,
Mtwara Rural,2018,November,Caranx tille( CGX ),36.34,,
Mtwara Rural,2018,November,Anguilliformes( ELE ),3.51,,
Mtwara Rural,2018,November,Lutjanus spp( LDW ),41.24,,
Mtwara Rural,2018,November,Lethrinus borbonicus( LHB ),7.03,,
Mtwara Rural,2018,November,Lethrinus harak( LHH ),29.72,,
Mtwara Rural,2018,November,Aetobatus ocellatus( MAE ),19.71,,
Mtwara Rural,2018,November,Gerres spp( MOJ ),16.75,,
Mtwara Rural,2018,November,Octopus cyanea( OCC ),10.66,,
Mtwara Rural,2018,November,Loligo spp( OJD ),82.58,,
Mtwara Rural,2018,November,Pono( PNW ),8.08,,
Mtwara Rural,2018,November,Maculabatis ambigua( RAJ ),1.05,,
Mtwara Rural,2018,November,Siganus sp.( SGL ),56.66,,
Mtwara Rural,2018,November,Acanthurus spp( SUR  ),3.38,,
Mtwara Rural,2018,November,Carrotomus carolinus( ULG ),17.69,,
Mtwara Rural,2018,November,Upeneus spp( UPL ),3.31,,
Mtwara Rural,2018,December,Sphyraena barracuda( BAQ ),16.9,,
Mtwara Rural,2018,December,Thunnus obesus( BET ),0.13,,
Mtwara Rural,2018,December,Serranidae spp( CEW ),3.81,,
Mtwara Rural,2018,December,Caranx tille( CGX ),26.82,,
Mtwara Rural,2018,December,Changu( CHN ),9.39,,
Mtwara Rural,2018,December,Lutjanus spp( LDW ),0.62,,
Mtwara Rural,2018,December,Lethrinus borbonicus( LHB ),16.9,,
Mtwara Rural,2018,December,Lethrinus harak( LHH ),20.82,,
Mtwara Rural,2018,December,Aetobatus ocellatus( MAE ),129.56,,
Mtwara Rural,2018,December,Octopus cyanea( OCC ),8.61,,
Mtwara Rural,2018,December,Loligo spp( OJD ),168.83,,
Mtwara Rural,2018,December,Pono( PNW ),20.02,,
Mtwara Rural,2018,December,Siganus sp.( SGL ),50.03,,
Mtwara Rural,2018,December,Upeneus spp( UPL ),2.71,,
Mtwara Rural,2019,January,Sphyraena barracuda( BAQ ),15.02,,
Mtwara Rural,2019,January,Serranidae spp( CEW ),15.02,,
Mtwara Rural,2019,January,Caranx tille( CGX ),17.37,,
Mtwara Rural,2019,January,Milea( KOM ),2.18,,
Mtwara Rural,2019,January,Lethrinus harak( LHH ),35.21,,
Mtwara Rural,2019,January,Octopus cyanea( OCC ),11.12,,
Mtwara Rural,2019,January,Loligo spp( OJD ),41.54,,
Mtwara Rural,2019,January,Siganus sp.( SGL ),65.92,,
Mtwara Rural,2019,January,Upeneus spp( UPL ),2.72,,
Mtwara Rural,2019,February,Sphyraena barracuda( BAQ ),6.78,,
Mtwara Rural,2019,February,Lethrinus borbonicus( LHB ),5.09,,
Mtwara Rural,2019,February,Lethrinus harak( LHH ),33.92,,
Mtwara Rural,2019,February,Octopus cyanea( OCC ),17.34,,
Mtwara Rural,2019,February,Siganus sp.( SGL ),40.88,,
Mtwara Rural,2019,March,Serranidae spp( CEW ),10.28,,
Mtwara Rural,2019,March,Lutjanus spp( LDW ),33.35,,
Mtwara Rural,2019,March,Lethrinus harak( LHH ),112.66,,
Mtwara Rural,2019,March,Gerres spp( MOJ ),25.47,,
Mtwara Rural,2019,March,Octopus cyanea( OCC ),8.09,,
Mtwara Rural,2019,March,Pono( PNW ),7.05,,
Mtwara Rural,2019,March,Papa( PP ),157.73,,
Mtwara Rural,2019,March,Siganus sp.( SGL ),26.89,,
Mtwara Rural,2019,March,Acanthurus spp( SUR  ),2.72,,
Mtwara Rural,2019,March,Carrotomus carolinus( ULG ),3.43,,
Mtwara Rural,2019,March,Upeneus spp( UPL ),5.53,,
Mtwara Rural,2019,April,Encrasicholina heteroloba( ENH ),141.74,,
Mtwara Rural,2019,April,Lutjanus spp( LDW ),32.62,,
Mtwara Rural,2019,April,Octopus cyanea( OCC ),14.51,,
Mtwara Rural,2019,April,Loligo spp( OJD ),54.51,,
Mtwara Rural,2019,April,Pono( PNW ),1.58,,
Mtwara Rural,2019,April,Siganus sp.( SGL ),53.25,,
Mtwara Rural,2019,April,Upeneus spp( UPL ),1.98,,
Mtwara Rural,2019,May,Serranidae spp( CEW ),0.09,,
Mtwara Rural,2019,May,Caranx tille( CGX ),52.64,,
Mtwara Rural,2019,May,Gymnasarda unicolor( DOT ),516.37,,
Mtwara Rural,2019,May,Milea( KOM ),0.27,,
Mtwara Rural,2019,May,Lethrinus spp( LH ),0.7,,
Mtwara Rural,2019,May,Lethrinus borbonicus( LHB ),0.16,,
Mtwara Rural,2019,May,Lethrinus harak( LHH ),6.74,,
Mtwara Rural,2019,May,Aetobatus ocellatus( MAE ),0.28,,
Mtwara Rural,2019,May,Netuma thalassina( NTT ),15.59,,
Mtwara Rural,2019,May,Taa( NYG ),0.07,,
Mtwara Rural,2019,May,Octopus cyanea( OCC ),11,,
Mtwara Rural,2019,May,Papa( PP ),0.09,,
Mtwara Rural,2019,May,Maculabatis ambigua( RAJ ),2.57,,
Mtwara Rural,2019,May,Siganus sp.( SGL ),50.17,,
Mtwara Rural,2019,May,Sardine( SRD ),7.79,,
Mtwara Rural,2019,May,Acanthurus spp( SUR  ),0.24,,
Mtwara Rural,2019,May,Upeneus spp( UPL ),7.22,,
Mtwara Rural,2019,June,Sphyraena barracuda( BAQ ),37.02,,
Mtwara Rural,2019,June,Caranx tille( CGX ),27.4,,
Mtwara Rural,2019,June,Sea cucumber( JB ),9.95,,
Mtwara Rural,2019,June,Kaa( KAA ),1.63,,
Mtwara Rural,2019,June,Lutjanus spp( LDW ),66.32,,
Mtwara Rural,2019,June,Octopus cyanea( OCC ),7.01,,
Mtwara Rural,2019,June,Loligo spp( OJD ),91.93,,
Mtwara Rural,2019,June,Pono( PNW ),3.1,,
Mtwara Rural,2019,June,Maculabatis ambigua( RAJ ),0.45,,
Mtwara Rural,2019,June,Siganus sp.( SGL ),52.9,,
Mtwara Rural,2019,June,Acanthurus spp( SUR  ),2.11,,
Mtwara Rural,2019,June,Carrotomus carolinus( ULG ),1.41,,
Mtwara Rural,2019,June,Upeneus spp( UPL ),5.3,,
Mtwara Rural,2019,June,Acanthocybium solandiri( WAH ),0.26,,
Mtwara Rural,2019,July,Sphyraena barracuda( BAQ ),16.9,,
Mtwara Rural,2019,July,Caranx tille( CGX ),37.55,,
Mtwara Rural,2019,July,Milea( KOM ),4.36,,
Mtwara Rural,2019,July,Lutjanus spp( LDW ),22.53,,
Mtwara Rural,2019,July,Lethrinus harak( LHH ),15.02,,
Mtwara Rural,2019,July,Taa( NYG ),0.75,,
Mtwara Rural,2019,July,Octopus cyanea( OCC ),14.04,,
Mtwara Rural,2019,July,Pono( PNW ),0.73,,
Mtwara Rural,2019,July,Maculabatis ambigua( RAJ ),0.33,,
Mtwara Rural,2019,July,Siganus sp.( SGL ),27.71,,
Mtwara Rural,2019,July,Acanthurus spp( SUR  ),3.72,,
Mtwara Rural,2019,July,Upeneus spp( UPL ),3.63,,
Mtwara Rural,2019,August,Serranidae spp( CEW ),12.81,,
Mtwara Rural,2019,August,Caranx tille( CGX ),18.78,,
Mtwara Rural,2019,August,Milea( KOM ),45.07,,
Mtwara Rural,2019,August,Lutjanus spp( LDW ),18.49,,
Mtwara Rural,2019,August,Lethrinus spp( LH ),31.27,,
Mtwara Rural,2019,August,Lethrinus borbonicus( LHB ),5.63,,
Mtwara Rural,2019,August,Lethrinus harak( LHH ),27.67,,
Mtwara Rural,2019,August,Gerres spp( MOJ ),11.27,,
Mtwara Rural,2019,August,Octopus cyanea( OCC ),9.85,,
Mtwara Rural,2019,August,Loligo spp( OJD ),72.48,,
Mtwara Rural,2019,August,Pono( PNW ),1.82,,
Mtwara Rural,2019,August,Siganus sp.( SGL ),33.36,,
Mtwara Rural,2019,August,Acanthurus spp( SUR  ),13.62,,
Mtwara Rural,2019,August,Carrotomus carolinus( ULG ),4.52,,
Mtwara Rural,2019,August,Upeneus spp( UPL ),0.91,,
Mtwara Rural,2019,August,Sphyraena spp( YRB ),180.26,,
Mtwara Rural,2019,September,Sphyraena barracuda( BAQ ),16.35,,
Mtwara Rural,2019,September,Serranidae spp( CEW ),32.39,,
Mtwara Rural,2019,September,Caranx tille( CGX ),38.87,,
Mtwara Rural,2019,September,Lutjanus spp( LDW ),27.26,,
Mtwara Rural,2019,September,Lethrinus spp( LH ),21.81,,
Mtwara Rural,2019,September,Gerres spp( MOJ ),32.71,,
Mtwara Rural,2019,September,Octopus cyanea( OCC ),10.04,,
Mtwara Rural,2019,September,Pomadasys spp( PKT ),5.45,,
Mtwara Rural,2019,September,Siganus sp.( SGL ),3.43,,
Mtwara Rural,2019,September,Upeneus spp( UPL ),1.76,,
Mtwara Rural,2019,October,Rachycentron canadum( CBA ),225.33,,
Mtwara Rural,2019,October,Octopus cyanea( OCC ),6.35,,
Mtwara Rural,2019,October,Loligo spp( OJD ),18.78,,
Mtwara Rural,2019,October,Siganus sp.( SGL ),30.04,,
Mtwara Rural,2019,November,Caranx tille( CGX ),21.83,,
Mtwara Rural,2019,November,Taa( NYG ),0.04,,
Mtwara Rural,2019,November,Octopus cyanea( OCC ),19.41,,
